stem,image,width_px,height_px,bbox_count
C-W1-0001,images\train\C-W1-0001.jpg,1920,1080,741
C-W1-0002,images\train\C-W1-0002.jpg,1920,1080,616
C-W1-0003,images\train\C-W1-0003.jpg,1920,1080,175
C-W1-0004,images\train\C-W1-0004.jpg,1920,1080,131
C-W1-0005,images\train\C-W1-0005.jpg,1920,1080,179
C-W1-0006,images\train\C-W1-0006.jpg,1920,1080,179
C-W1-0007,images\train\C-W1-0007.jpg,1920,1080,571
C-W1-0008,images\train\C-W1-0008.jpg,1920,1080,329
C-W1-0009,images\train\C-W1-0009.jpg,1920,1080,425
C-W1-0010,images\train\C-W1-0010.jpg,1920,1080,221
C-W1-0011,images\train\C-W1-0011.jpg,1920,1080,358
C-W1-0012,images\train\C-W1-0012.jpg,1920,1080,359
C-W1-0013,images\train\C-W1-0013.jpg,1920,1080,927
C-W1-0014,images\train\C-W1-0014.jpg,1920,1080,973
C-W1-0015,images\train\C-W1-0015.jpg,1920,1080,956
C-W1-0016,images\train\C-W1-0016.jpg,1920,1080,981
C-W1-0017,images\train\C-W1-0017.jpg,1920,1080,977
C-W1-0018,images\train\C-W1-0018.jpg,1920,1080,941
C-W1-0019,images\train\C-W1-0019.jpg,1920,1080,742
C-W1-0020,images\train\C-W1-0020.jpg,1920,1080,963
C-W1-0021,images\train\C-W1-0021.jpg,1920,1080,774
C-W1-0022,images\train\C-W1-0022.jpg,1920,1080,835
C-W1-0023,images\train\C-W1-0023.jpg,1920,1080,845
C-W1-0024,images\train\C-W1-0024.jpg,1920,1080,361
C-W1-0025,images\train\C-W1-0025.jpg,1920,1080,689
C-W1-0026,images\train\C-W1-0026.jpg,1920,1080,368
C-W1-0027,images\train\C-W1-0027.jpg,1920,1080,896
C-W1-0028,images\train\C-W1-0028.jpg,1920,1080,739
C-W1-0029,images\train\C-W1-0029.jpg,1920,1080,436
C-W1-0030,images\train\C-W1-0030.jpg,1920,1080,221
C-W1-0031,images\train\C-W1-0031.jpg,1920,1080,572
C-W1-0032,images\train\C-W1-0032.jpg,1920,1080,563
C-W1-0033,images\train\C-W1-0033.jpg,1920,1080,457
C-W1-0034,images\train\C-W1-0034.jpg,1920,1080,403
C-W1-0035,images\train\C-W1-0035.jpg,1920,1080,405
C-W1-0036,images\train\C-W1-0036.jpg,1920,1080,455
C-W1-0037,images\train\C-W1-0037.jpg,1920,1080,465
C-W1-0038,images\train\C-W1-0038.jpg,1920,1080,463
C-W1-0039,images\train\C-W1-0039.jpg,1920,1080,651
C-W1-0040,images\train\C-W1-0040.jpg,1920,1080,261
C-W1-0041,images\train\C-W1-0041.jpg,1920,1080,302
C-W1-0042,images\train\C-W1-0042.jpg,1920,1080,320
C-W1-0043,images\train\C-W1-0043.jpg,1920,1080,448
C-W1-0044,images\train\C-W1-0044.jpg,1920,1080,408
C-W1-0045,images\train\C-W1-0045.jpg,1920,1080,252
C-W1-0046,images\train\C-W1-0046.jpg,1920,1088,308
C-W1-0047,images\train\C-W1-0047.jpg,1920,1088,302
C-W1-0048,images\train\C-W1-0048.jpg,1920,1088,812
C-W1-0049,images\train\C-W1-0049.jpg,1920,1088,908
C-W1-0050,images\train\C-W1-0050.jpg,1920,1088,335
C-W1-0051,images\train\C-W1-0051.jpg,1920,1088,699
C-W1-0052,images\train\C-W1-0052.jpg,1920,1088,600
C-W1-0053,images\train\C-W1-0053.jpg,1920,1088,394
C-W1-0054,images\train\C-W1-0054.jpg,1920,1088,426
C-W1-0055,images\train\C-W1-0055.jpg,1920,1088,685
C-W1-0056,images\train\C-W1-0056.jpg,1920,1088,707
C-W1-0057,images\train\C-W1-0057.jpg,1920,1088,829
C-W1-0058,images\train\C-W1-0058.jpg,1920,1088,821
C-W1-0059,images\train\C-W1-0059.jpg,1920,1088,826
C-W1-0060,images\train\C-W1-0060.jpg,1920,1088,863
C-W1-0061,images\train\C-W1-0061.jpg,1920,1088,1151
C-W1-0062,images\train\C-W1-0062.jpg,1920,1088,899
C-W1-0063,images\train\C-W1-0063.jpg,1920,1088,947
C-W1-0064,images\train\C-W1-0064.jpg,1920,1088,563
C-W1-0065,images\train\C-W1-0065.jpg,1920,1088,419
C-W1-0066,images\train\C-W1-0066.jpg,1920,1088,710
C-W1-0067,images\train\C-W1-0067.jpg,1920,1088,831
C-W1-0068,images\train\C-W1-0068.jpg,1920,1088,151
C-W1-0069,images\train\C-W1-0069.jpg,1920,1088,144
C-W1-0070,images\train\C-W1-0070.jpg,1920,1088,274
C-W1-0071,images\train\C-W1-0071.jpg,1920,1088,682
C-W1-0072,images\train\C-W1-0072.jpg,1920,1088,923
C-W1-0073,images\train\C-W1-0073.jpg,1920,1080,222
C-W1-0074,images\train\C-W1-0074.jpg,1920,1080,245
C-W1-0075,images\train\C-W1-0075.jpg,1920,1080,168
C-W1-0076,images\train\C-W1-0076.jpg,1920,1080,258
C-W1-0077,images\train\C-W1-0077.jpg,1920,1080,119
C-W1-0078,images\train\C-W1-0078.jpg,1920,1080,117
C-W1-0079,images\train\C-W1-0079.jpg,1920,1080,95
C-W1-0080,images\train\C-W1-0080.jpg,1920,1080,399
C-W1-0081,images\train\C-W1-0081.jpg,1920,1080,270
C-W1-0082,images\train\C-W1-0082.jpg,1920,1080,193
C-W1-0083,images\train\C-W1-0083.jpg,1920,1080,388
C-W1-0084,images\train\C-W1-0084.jpg,1920,1080,414
C-W1-0085,images\train\C-W1-0085.jpg,1920,1080,158
C-W1-0086,images\train\C-W1-0086.jpg,1920,1080,81
C-W1-0087,images\train\C-W1-0087.jpg,1920,1080,131
C-W1-0088,images\train\C-W1-0088.jpg,1920,1080,147
C-W1-0089,images\train\C-W1-0089.jpg,1920,1080,642
C-W1-0090,images\train\C-W1-0090.jpg,1920,1080,783
C-W1-0091,images\train\C-W1-0091.jpg,1920,1080,197
C-W1-0092,images\train\C-W1-0092.jpg,1920,1080,415
C-W1-0093,images\train\C-W1-0093.jpg,1920,1080,301
C-W1-0094,images\train\C-W1-0094.jpg,1920,1080,322
C-W1-0095,images\train\C-W1-0095.jpg,1920,1080,407
C-W1-0096,images\train\C-W1-0096.jpg,1920,1080,406
C-W1-0097,images\train\C-W1-0097.jpg,1920,1080,427
C-W1-0098,images\train\C-W1-0098.jpg,1920,1080,338
C-W1-0099,images\train\C-W1-0099.jpg,1920,1080,385
C-W1-0100,images\train\C-W1-0100.jpg,1920,1080,346
C-W1-0101,images\train\C-W1-0101.jpg,1920,1080,211
C-W1-0102,images\train\C-W1-0102.jpg,1920,1080,787
C-W1-0103,images\train\C-W1-0103.jpg,1920,1080,692
C-W1-0104,images\train\C-W1-0104.jpg,1920,1080,687
C-W1-0105,images\train\C-W1-0105.jpg,1920,1080,687
C-W1-0106,images\train\C-W1-0106.jpg,1920,1080,532
C-W1-0107,images\train\C-W1-0107.jpg,1920,1080,701
C-W1-0108,images\train\C-W1-0108.jpg,1920,1080,636
C-W1-0109,images\train\C-W1-0109.jpg,1920,1080,668
C-W1-0110,images\train\C-W1-0110.jpg,1920,1080,347
C-W1-0111,images\train\C-W1-0111.jpg,1920,1080,209
C-W1-0112,images\train\C-W1-0112.jpg,1920,1080,190
C-W1-0113,images\train\C-W1-0113.jpg,1920,1080,410
C-W1-0114,images\train\C-W1-0114.jpg,1920,1080,365
C-W1-0115,images\train\C-W1-0115.jpg,1920,1080,878
C-W1-0116,images\train\C-W1-0116.jpg,1920,1080,845
C-W1-0117,images\train\C-W1-0117.jpg,1920,1080,715
C-W1-0118,images\train\C-W1-0118.jpg,1920,1080,772
C-W1-0119,images\train\C-W1-0119.jpg,1920,1080,445
C-W1-0120,images\train\C-W1-0120.jpg,1920,1080,467
C-W1-0121,images\train\C-W1-0121.jpg,1920,1080,427
C-W1-0122,images\train\C-W1-0122.jpg,1920,1080,271
C-W1-0123,images\train\C-W1-0123.jpg,1920,1080,257
C-W1-0124,images\train\C-W1-0124.jpg,1920,1080,133
C-W1-0125,images\train\C-W1-0125.jpg,1920,1080,286
C-W1-0126,images\train\C-W1-0126.jpg,1920,1080,527
C-W1-0127,images\train\C-W1-0127.jpg,1920,1080,455
C-W1-0128,images\train\C-W1-0128.jpg,1920,1080,365
C-W1-0129,images\train\C-W1-0129.jpg,1920,1080,205
C-W1-0130,images\train\C-W1-0130.jpg,1920,1080,540
C-W1-0131,images\train\C-W1-0131.jpg,1920,1080,489
C-W1-0132,images\train\C-W1-0132.jpg,1920,1080,479
C-W1-0133,images\train\C-W1-0133.jpg,1920,1080,465
C-W1-0134,images\train\C-W1-0134.jpg,1920,1080,440
C-W1-0135,images\train\C-W1-0135.jpg,1920,1080,811
C-W1-0136,images\train\C-W1-0136.jpg,1920,1080,422
C-W1-0137,images\train\C-W1-0137.jpg,1920,1080,269
C-W1-0138,images\train\C-W1-0138.jpg,1920,1080,271
C-W1-0139,images\train\C-W1-0139.jpg,1920,1080,269
C-W1-0140,images\train\C-W1-0140.jpg,1920,1080,135
C-W1-0141,images\train\C-W1-0141.jpg,1920,1080,709
C-W1-0142,images\train\C-W1-0142.jpg,1920,1080,872
C-W1-0143,images\train\C-W1-0143.jpg,1920,1080,822
C-W1-0144,images\train\C-W1-0144.jpg,1920,1080,843
C-W1-0145,images\train\C-W1-0145.jpg,1920,1080,914
C-W1-V0001,images\val\C-W1-V0001.jpg,1920,1080,395
C-W1-V0002,images\val\C-W1-V0002.jpg,1920,1080,378
C-W1-V0003,images\val\C-W1-V0003.jpg,1920,1080,125
C-W1-V0004,images\val\C-W1-V0004.jpg,1920,1080,152
C-W1-V0005,images\val\C-W1-V0005.jpg,1920,1080,128
C-W1-V0006,images\val\C-W1-V0006.jpg,1920,1080,149
C-W1-V0007,images\val\C-W1-V0007.jpg,1920,1080,129
C-W1-V0008,images\val\C-W1-V0008.jpg,1920,1080,50
C-W1-V0009,images\val\C-W1-V0009.jpg,1920,1080,33
C-W1-V0010,images\val\C-W1-V0010.jpg,1920,1080,384
C-W1-V0011,images\val\C-W1-V0011.jpg,1920,1080,444
C-W1-V0012,images\val\C-W1-V0012.jpg,1920,1080,452
C-W1-V0013,images\val\C-W1-V0013.jpg,1920,1080,498
C-W1-V0014,images\val\C-W1-V0014.jpg,1920,1080,342
C-W2-0001,images\train\C-W2-0001.jpg,1920,1080,544
C-W2-0002,images\train\C-W2-0002.jpg,1920,1080,418
C-W2-0003,images\train\C-W2-0003.jpg,1920,1080,405
C-W2-0004,images\train\C-W2-0004.jpg,1920,1080,364
C-W2-0005,images\train\C-W2-0005.jpg,1920,1080,440
C-W2-0006,images\train\C-W2-0006.jpg,1920,1080,347
C-W2-0007,images\train\C-W2-0007.jpg,1920,1080,293
C-W2-0008,images\train\C-W2-0008.jpg,1920,1080,388
C-W2-0009,images\train\C-W2-0009.jpg,1920,1080,422
C-W2-0010,images\train\C-W2-0010.jpg,1920,1080,424
C-W2-0011,images\train\C-W2-0011.jpg,1920,1080,387
C-W2-0012,images\train\C-W2-0012.jpg,1920,1080,398
C-W2-0013,images\train\C-W2-0013.jpg,1920,1080,374
C-W2-0014,images\train\C-W2-0014.jpg,1920,1080,688
C-W2-0015,images\train\C-W2-0015.jpg,1920,1080,399
C-W2-0016,images\train\C-W2-0016.jpg,1920,1080,597
C-W2-0017,images\train\C-W2-0017.jpg,1920,1080,428
C-W2-0018,images\train\C-W2-0018.jpg,1920,1080,539
C-W2-0019,images\train\C-W2-0019.jpg,1920,1080,475
C-W2-0020,images\train\C-W2-0020.jpg,1920,1080,455
C-W2-0021,images\train\C-W2-0021.jpg,1920,1080,314
C-W2-0022,images\train\C-W2-0022.jpg,1920,1080,474
C-W2-0023,images\train\C-W2-0023.jpg,1920,1080,447
C-W2-0024,images\train\C-W2-0024.jpg,1920,1080,282
C-W2-0025,images\train\C-W2-0025.jpg,1920,1080,211
C-W2-0026,images\train\C-W2-0026.jpg,1920,1080,429
C-W2-0027,images\train\C-W2-0027.jpg,1920,1080,264
C-W2-0028,images\train\C-W2-0028.jpg,1920,1080,390
C-W2-0029,images\train\C-W2-0029.jpg,1920,1080,563
C-W2-0030,images\train\C-W2-0030.jpg,1920,1080,376
C-W2-0031,images\train\C-W2-0031.jpg,1920,1080,566
C-W2-0032,images\train\C-W2-0032.jpg,1920,1080,350
C-W2-0033,images\train\C-W2-0033.jpg,1920,1080,339
C-W2-0034,images\train\C-W2-0034.jpg,1920,1080,343
C-W2-0035,images\train\C-W2-0035.jpg,1920,1080,434
C-W2-0036,images\train\C-W2-0036.jpg,1920,1080,359
C-W2-0037,images\train\C-W2-0037.jpg,1920,1080,132
C-W2-0038,images\train\C-W2-0038.jpg,1920,1080,404
C-W2-0039,images\train\C-W2-0039.jpg,1920,1080,409
C-W2-0040,images\train\C-W2-0040.jpg,1920,1080,312
C-W2-0041,images\train\C-W2-0041.jpg,1920,1080,327
C-W2-0042,images\train\C-W2-0042.jpg,1920,1080,366
C-W2-0043,images\train\C-W2-0043.jpg,1920,1080,380
C-W2-0044,images\train\C-W2-0044.jpg,1920,1080,187
C-W2-0045,images\train\C-W2-0045.jpg,1920,1080,183
C-W2-0046,images\train\C-W2-0046.jpg,1920,1080,294
C-W2-0047,images\train\C-W2-0047.jpg,1920,1080,511
C-W2-0048,images\train\C-W2-0048.jpg,1920,1080,232
C-W2-0049,images\train\C-W2-0049.jpg,1920,1080,57
C-W2-0050,images\train\C-W2-0050.jpg,1920,1080,541
C-W2-0051,images\train\C-W2-0051.jpg,1920,1080,681
C-W2-0052,images\train\C-W2-0052.jpg,1920,1080,341
C-W2-0053,images\train\C-W2-0053.jpg,1920,1080,197
C-W2-0054,images\train\C-W2-0054.jpg,1920,1080,187
C-W2-0055,images\train\C-W2-0055.jpg,1920,1080,246
C-W2-0056,images\train\C-W2-0056.jpg,1920,1080,51
C-W2-0057,images\train\C-W2-0057.jpg,1920,1080,60
C-W2-0058,images\train\C-W2-0058.jpg,1920,1080,45
C-W2-0059,images\train\C-W2-0059.jpg,1920,1080,96
C-W2-0060,images\train\C-W2-0060.jpg,1920,1080,186
C-W2-0061,images\train\C-W2-0061.jpg,1920,1080,281
C-W2-0062,images\train\C-W2-0062.jpg,1920,1080,330
C-W2-0063,images\train\C-W2-0063.jpg,1920,1080,282
C-W2-0064,images\train\C-W2-0064.jpg,1920,1080,67
C-W2-0065,images\train\C-W2-0065.jpg,1920,1080,319
C-W2-0066,images\train\C-W2-0066.jpg,1920,1080,393
C-W2-0067,images\train\C-W2-0067.jpg,1920,1080,488
C-W2-0068,images\train\C-W2-0068.jpg,1920,1080,299
C-W2-0069,images\train\C-W2-0069.jpg,1920,1080,438
C-W2-0070,images\train\C-W2-0070.jpg,1920,1080,288
C-W2-0071,images\train\C-W2-0071.jpg,1920,1080,375
C-W2-0072,images\train\C-W2-0072.jpg,1920,1080,498
C-W2-0073,images\train\C-W2-0073.jpg,1920,1080,438
C-W2-0074,images\train\C-W2-0074.jpg,1920,1080,341
C-W2-0075,images\train\C-W2-0075.jpg,1920,1080,244
C-W2-0076,images\train\C-W2-0076.jpg,1920,1080,465
C-W2-0077,images\train\C-W2-0077.jpg,1920,1080,392
C-W2-0078,images\train\C-W2-0078.jpg,1920,1080,248
C-W2-0079,images\train\C-W2-0079.jpg,1920,1080,507
C-W2-0080,images\train\C-W2-0080.jpg,1920,1080,461
C-W2-0081,images\train\C-W2-0081.jpg,1920,1080,585
C-W2-0082,images\train\C-W2-0082.jpg,1920,1080,474
C-W2-0083,images\train\C-W2-0083.jpg,1920,1080,562
C-W2-0084,images\train\C-W2-0084.jpg,1920,1080,490
C-W2-0085,images\train\C-W2-0085.jpg,1920,1080,493
C-W2-0086,images\train\C-W2-0086.jpg,1920,1080,485
C-W2-0087,images\train\C-W2-0087.jpg,1920,1080,463
C-W2-0088,images\train\C-W2-0088.jpg,1920,1080,526
C-W2-0089,images\train\C-W2-0089.jpg,1920,1080,547
C-W2-0090,images\train\C-W2-0090.jpg,1920,1080,325
C-W2-0091,images\train\C-W2-0091.jpg,1920,1080,324
C-W2-0092,images\train\C-W2-0092.jpg,1920,1080,305
C-W2-0093,images\train\C-W2-0093.jpg,1920,1080,297
C-W2-0094,images\train\C-W2-0094.jpg,1920,1080,298
C-W2-0095,images\train\C-W2-0095.jpg,1920,1080,332
C-W2-0096,images\train\C-W2-0096.jpg,1920,1080,295
C-W2-0097,images\train\C-W2-0097.jpg,1920,1080,639
C-W2-0098,images\train\C-W2-0098.jpg,1920,1080,615
C-W2-0099,images\train\C-W2-0099.jpg,1920,1080,336
C-W2-0100,images\train\C-W2-0100.jpg,1920,1080,471
C-W2-0101,images\train\C-W2-0101.jpg,1920,1080,427
C-W2-0102,images\train\C-W2-0102.jpg,1920,1080,443
C-W2-0103,images\train\C-W2-0103.jpg,1920,1080,466
C-W2-0104,images\train\C-W2-0104.jpg,1920,1080,315
C-W2-0105,images\train\C-W2-0105.jpg,1920,1080,445
C-W2-0106,images\train\C-W2-0106.jpg,1920,1080,435
C-W2-0107,images\train\C-W2-0107.jpg,1920,1080,523
C-W2-0108,images\train\C-W2-0108.jpg,1920,1080,533
C-W2-0109,images\train\C-W2-0109.jpg,1920,1080,480
C-W2-0110,images\train\C-W2-0110.jpg,1920,1080,703
C-W2-0111,images\train\C-W2-0111.jpg,1920,1080,388
C-W2-0112,images\train\C-W2-0112.jpg,1920,1080,396
C-W2-0113,images\train\C-W2-0113.jpg,1920,1080,324
C-W2-0114,images\train\C-W2-0114.jpg,1920,1080,423
C-W2-0115,images\train\C-W2-0115.jpg,1920,1080,412
C-W2-0116,images\train\C-W2-0116.jpg,1920,1080,476
C-W2-0117,images\train\C-W2-0117.jpg,1920,1080,546
C-W2-0118,images\train\C-W2-0118.jpg,1920,1080,520
C-W2-0119,images\train\C-W2-0119.jpg,1920,1080,540
C-W2-0120,images\train\C-W2-0120.jpg,1920,1080,536
C-W2-0121,images\train\C-W2-0121.jpg,1920,1080,341
C-W2-0122,images\train\C-W2-0122.jpg,1920,1080,365
C-W2-0123,images\train\C-W2-0123.jpg,1920,1080,318
C-W2-0124,images\train\C-W2-0124.jpg,1920,1080,395
C-W2-0125,images\train\C-W2-0125.jpg,1920,1080,355
C-W2-0126,images\train\C-W2-0126.jpg,1920,1080,199
C-W2-0127,images\train\C-W2-0127.jpg,1920,1080,289
C-W2-0128,images\train\C-W2-0128.jpg,1920,1080,325
C-W2-0129,images\train\C-W2-0129.jpg,1920,1080,359
C-W2-0130,images\train\C-W2-0130.jpg,1920,1080,350
C-W2-0131,images\train\C-W2-0131.jpg,1920,1080,368
C-W2-0132,images\train\C-W2-0132.jpg,1920,1080,413
C-W2-0133,images\train\C-W2-0133.jpg,1920,1080,425
C-W2-0134,images\train\C-W2-0134.jpg,1920,1080,228
C-W2-0135,images\train\C-W2-0135.jpg,1920,1080,278
C-W2-0136,images\train\C-W2-0136.jpg,1920,1080,292
C-W2-0137,images\train\C-W2-0137.jpg,1920,1080,331
C-W2-0138,images\train\C-W2-0138.jpg,1920,1080,354
C-W2-0139,images\train\C-W2-0139.jpg,1920,1080,420
C-W2-0140,images\train\C-W2-0140.jpg,1920,1080,389
C-W2-0141,images\train\C-W2-0141.jpg,1920,1080,429
C-W2-0142,images\train\C-W2-0142.jpg,1920,1080,472
C-W2-0143,images\train\C-W2-0143.jpg,1920,1080,348
C-W2-0144,images\train\C-W2-0144.jpg,1920,1080,368
C-W2-0145,images\train\C-W2-0145.jpg,1920,1080,387
C-W2-0146,images\train\C-W2-0146.jpg,1920,1080,196
C-W2-0147,images\train\C-W2-0147.jpg,1920,1080,261
C-W2-0148,images\train\C-W2-0148.jpg,1920,1080,243
C-W2-0149,images\train\C-W2-0149.jpg,1920,1080,232
C-W2-0150,images\train\C-W2-0150.jpg,1920,1080,221
C-W2-0151,images\train\C-W2-0151.jpg,1920,1080,270
C-W2-0152,images\train\C-W2-0152.jpg,1920,1080,270
C-W2-0153,images\train\C-W2-0153.jpg,1920,1080,253
C-W2-0154,images\train\C-W2-0154.jpg,1920,1080,263
C-W2-0155,images\train\C-W2-0155.jpg,1920,1080,242
C-W2-0156,images\train\C-W2-0156.jpg,1920,1080,352
C-W2-0157,images\train\C-W2-0157.jpg,1920,1080,491
C-W2-0158,images\train\C-W2-0158.jpg,1920,1080,363
C-W2-0159,images\train\C-W2-0159.jpg,1920,1080,335
C-W2-0160,images\train\C-W2-0160.jpg,1920,1080,434
C-W2-0161,images\train\C-W2-0161.jpg,1920,1080,191
C-W2-0162,images\train\C-W2-0162.jpg,1920,1080,434
C-W2-0163,images\train\C-W2-0163.jpg,1920,1080,447
C-W2-0164,images\train\C-W2-0164.jpg,1920,1080,596
C-W2-0165,images\train\C-W2-0165.jpg,1920,1080,302
C-W2-0166,images\train\C-W2-0166.jpg,1920,1080,442
C-W2-0167,images\train\C-W2-0167.jpg,1920,1080,460
C-W2-0168,images\train\C-W2-0168.jpg,1920,1080,461
C-W2-0169,images\train\C-W2-0169.jpg,1920,1080,246
C-W2-0170,images\train\C-W2-0170.jpg,1920,1080,532
C-W2-0171,images\train\C-W2-0171.jpg,1920,1080,304
C-W2-0172,images\train\C-W2-0172.jpg,1920,1080,131
C-W2-0173,images\train\C-W2-0173.jpg,1920,1080,130
C-W2-0174,images\train\C-W2-0174.jpg,1920,1080,494
C-W2-0175,images\train\C-W2-0175.jpg,1920,1080,337
C-W2-0176,images\train\C-W2-0176.jpg,1920,1080,592
C-W2-0177,images\train\C-W2-0177.jpg,1920,1080,303
C-W2-0178,images\train\C-W2-0178.jpg,1920,1080,397
C-W2-0179,images\train\C-W2-0179.jpg,1920,1080,386
C-W2-0180,images\train\C-W2-0180.jpg,1920,1080,327
C-W2-0181,images\train\C-W2-0181.jpg,1920,1080,243
C-W2-0182,images\train\C-W2-0182.jpg,1920,1080,339
C-W2-0183,images\train\C-W2-0183.jpg,1920,1080,416
C-W2-0184,images\train\C-W2-0184.jpg,1920,1080,377
C-W2-0185,images\train\C-W2-0185.jpg,1920,1080,315
C-W2-0186,images\train\C-W2-0186.jpg,1920,1080,409
C-W2-0187,images\train\C-W2-0187.jpg,1920,1080,485
C-W2-0188,images\train\C-W2-0188.jpg,1920,1080,547
C-W2-0189,images\train\C-W2-0189.jpg,1920,1080,372
C-W2-0190,images\train\C-W2-0190.jpg,1920,1080,297
C-W2-0191,images\train\C-W2-0191.jpg,1920,1080,279
C-W2-0192,images\train\C-W2-0192.jpg,1920,1080,410
C-W2-0193,images\train\C-W2-0193.jpg,1920,1080,321
C-W2-0194,images\train\C-W2-0194.jpg,1920,1080,211
C-W2-0195,images\train\C-W2-0195.jpg,1920,1080,443
C-W2-0196,images\train\C-W2-0196.jpg,1920,1080,306
C-W2-0197,images\train\C-W2-0197.jpg,1920,1080,402
C-W2-0198,images\train\C-W2-0198.jpg,1920,1080,458
C-W2-0199,images\train\C-W2-0199.jpg,1920,1080,434
C-W2-0200,images\train\C-W2-0200.jpg,1920,1080,351
C-W2-V0001,images\val\C-W2-V0001.jpg,1920,1080,506
C-W2-V0002,images\val\C-W2-V0002.jpg,1920,1080,496
C-W2-V0003,images\val\C-W2-V0003.jpg,1920,1080,566
C-W2-V0004,images\val\C-W2-V0004.jpg,1920,1080,326
C-W2-V0005,images\val\C-W2-V0005.jpg,1920,1080,324
C-W2-V0006,images\val\C-W2-V0006.jpg,1920,1080,296
C-W2-V0007,images\val\C-W2-V0007.jpg,1920,1080,571
C-W2-V0008,images\val\C-W2-V0008.jpg,1920,1080,501
C-W2-V0009,images\val\C-W2-V0009.jpg,1920,1080,361
C-W2-V0010,images\val\C-W2-V0010.jpg,1920,1080,296
C-W2-V0011,images\val\C-W2-V0011.jpg,1920,1080,362
C-W2-V0012,images\val\C-W2-V0012.jpg,1920,1080,72
C-W2-V0013,images\val\C-W2-V0013.jpg,1920,1080,216
C-W2-V0014,images\val\C-W2-V0014.jpg,1920,1080,476
C-W2-V0015,images\val\C-W2-V0015.jpg,1920,1080,212
C-W2-V0016,images\val\C-W2-V0016.jpg,1920,1080,204
C-W2-V0017,images\val\C-W2-V0017.jpg,1920,1080,37
C-W2-V0018,images\val\C-W2-V0018.jpg,1920,1080,436
C-W2-V0019,images\val\C-W2-V0019.jpg,1920,1080,405
C-W2-V0020,images\val\C-W2-V0020.jpg,1920,1080,311
C-W2-V0021,images\val\C-W2-V0021.jpg,1920,1080,81
C-W2-V0022,images\val\C-W2-V0022.jpg,1920,1080,63
C-W2-V0023,images\val\C-W2-V0023.jpg,1920,1080,314
C-W2-V0024,images\val\C-W2-V0024.jpg,1920,1080,114
C-W2-V0025,images\val\C-W2-V0025.jpg,1920,1080,89
C-W2-V0026,images\val\C-W2-V0026.jpg,1920,1080,369
C-W2-V0027,images\val\C-W2-V0027.jpg,1920,1080,260
C-W2-V0028,images\val\C-W2-V0028.jpg,1920,1080,254
C-W2-V0029,images\val\C-W2-V0029.jpg,1920,1080,186
C-W2-V0030,images\val\C-W2-V0030.jpg,1920,1080,77
C-W2-V0031,images\val\C-W2-V0031.jpg,1920,1080,142
C-W2-V0032,images\val\C-W2-V0032.jpg,1920,1080,197
C-W2-V0033,images\val\C-W2-V0033.jpg,1920,1080,285
C-W2-V0034,images\val\C-W2-V0034.jpg,1920,1080,318
C-W2-V0035,images\val\C-W2-V0035.jpg,1920,1080,46
C-W2-V0036,images\val\C-W2-V0036.jpg,1920,1080,489
C-W2-V0037,images\val\C-W2-V0037.jpg,1920,1080,304
C-W2-V0038,images\val\C-W2-V0038.jpg,1920,1080,396
C-W2-V0039,images\val\C-W2-V0039.jpg,1920,1080,374
C-W2-V0040,images\val\C-W2-V0040.jpg,1920,1080,330
C-W2-V0041,images\val\C-W2-V0041.jpg,1920,1080,333
C-W2-V0042,images\val\C-W2-V0042.jpg,1920,1080,594
C-W2-V0043,images\val\C-W2-V0043.jpg,1920,1080,375
C-W2-V0044,images\val\C-W2-V0044.jpg,1920,1080,202
C-W2-V0045,images\val\C-W2-V0045.jpg,1920,1080,202
C-W2-V0046,images\val\C-W2-V0046.jpg,1920,1080,170
C-W2-V0047,images\val\C-W2-V0047.jpg,1920,1080,190
C-W2-V0048,images\val\C-W2-V0048.jpg,1920,1080,198
C-W2-V0049,images\val\C-W2-V0049.jpg,1920,1080,231
C-W2-V0050,images\val\C-W2-V0050.jpg,1920,1080,200
C-W2-V0051,images\val\C-W2-V0051.jpg,1920,1080,117
C-W2-V0052,images\val\C-W2-V0052.jpg,1920,1080,335
C-W2-V0053,images\val\C-W2-V0053.jpg,1920,1080,329
C-W2-V0054,images\val\C-W2-V0054.jpg,1920,1080,325
C-W2-V0055,images\val\C-W2-V0055.jpg,1920,1080,322
C-W2-V0056,images\val\C-W2-V0056.jpg,1920,1080,486
C-W2-V0057,images\val\C-W2-V0057.jpg,1920,1080,536
C-W2-V0058,images\val\C-W2-V0058.jpg,1920,1080,405
C-W2-V0059,images\val\C-W2-V0059.jpg,1920,1080,391
C-W2-V0060,images\val\C-W2-V0060.jpg,1920,1080,518
C-W2-V0061,images\val\C-W2-V0061.jpg,1920,1080,549
C-W3-0001,images\train\C-W3-0001.jpg,1920,1080,303
C-W3-0002,images\train\C-W3-0002.jpg,1920,1080,313
C-W3-0003,images\train\C-W3-0003.jpg,1920,1080,301
C-W3-0004,images\train\C-W3-0004.jpg,1920,1080,298
C-W3-0005,images\train\C-W3-0005.jpg,1920,1080,194
C-W3-0006,images\train\C-W3-0006.jpg,1920,1080,254
C-W3-0007,images\train\C-W3-0007.jpg,1920,1080,256
C-W3-0008,images\train\C-W3-0008.jpg,1920,1080,269
C-W3-0009,images\train\C-W3-0009.jpg,1920,1080,250
C-W3-0010,images\train\C-W3-0010.jpg,1920,1080,301
C-W3-0011,images\train\C-W3-0011.jpg,1920,1080,305
C-W3-0012,images\train\C-W3-0012.jpg,1920,1080,299
C-W3-0013,images\train\C-W3-0013.jpg,1920,1080,334
C-W3-0014,images\train\C-W3-0014.jpg,1920,1080,272
C-W3-0015,images\train\C-W3-0015.jpg,1920,1080,312
C-W3-0016,images\train\C-W3-0016.jpg,1920,1080,342
C-W3-0017,images\train\C-W3-0017.jpg,1920,1080,267
C-W3-0018,images\train\C-W3-0018.jpg,1920,1080,321
C-W3-0019,images\train\C-W3-0019.jpg,1920,1080,298
C-W3-0020,images\train\C-W3-0020.jpg,1920,1080,189
C-W3-0021,images\train\C-W3-0021.jpg,1920,1080,159
C-W3-0022,images\train\C-W3-0022.jpg,1920,1080,274
C-W3-0023,images\train\C-W3-0023.jpg,1920,1080,218
C-W3-0024,images\train\C-W3-0024.jpg,1920,1080,287
C-W3-0025,images\train\C-W3-0025.jpg,1920,1080,308
C-W3-0026,images\train\C-W3-0026.jpg,1920,1080,316
C-W3-0027,images\train\C-W3-0027.jpg,1920,1080,237
C-W3-0028,images\train\C-W3-0028.jpg,1920,1080,239
C-W3-0029,images\train\C-W3-0029.jpg,1920,1080,243
C-W3-0030,images\train\C-W3-0030.jpg,1920,1080,247
C-W3-0031,images\train\C-W3-0031.jpg,1920,1080,231
C-W3-0032,images\train\C-W3-0032.jpg,1920,1080,311
C-W3-0033,images\train\C-W3-0033.jpg,1920,1080,302
C-W3-0034,images\train\C-W3-0034.jpg,1920,1080,313
C-W3-0035,images\train\C-W3-0035.jpg,1920,1080,315
C-W3-0036,images\train\C-W3-0036.jpg,1920,1080,315
C-W3-0037,images\train\C-W3-0037.jpg,1920,1080,275
C-W3-0038,images\train\C-W3-0038.jpg,1920,1080,239
C-W3-0039,images\train\C-W3-0039.jpg,1920,1080,308
C-W3-0040,images\train\C-W3-0040.jpg,1920,1080,375
C-W3-0041,images\train\C-W3-0041.jpg,1920,1080,341
C-W3-0042,images\train\C-W3-0042.jpg,1920,1080,372
C-W3-0043,images\train\C-W3-0043.jpg,1920,1080,340
C-W3-0044,images\train\C-W3-0044.jpg,1920,1080,325
C-W3-0045,images\train\C-W3-0045.jpg,1920,1080,265
C-W3-0046,images\train\C-W3-0046.jpg,1920,1080,264
C-W3-0047,images\train\C-W3-0047.jpg,1920,1080,299
C-W3-0048,images\train\C-W3-0048.jpg,1920,1080,190
C-W3-0049,images\train\C-W3-0049.jpg,1920,1080,263
C-W3-0050,images\train\C-W3-0050.jpg,1920,1080,300
C-W3-0051,images\train\C-W3-0051.jpg,1920,1080,320
C-W3-0052,images\train\C-W3-0052.jpg,1920,1080,365
C-W3-0053,images\train\C-W3-0053.jpg,1920,1080,302
C-W3-0054,images\train\C-W3-0054.jpg,1920,1080,265
C-W3-0055,images\train\C-W3-0055.jpg,1920,1080,274
C-W3-0056,images\train\C-W3-0056.jpg,1920,1080,231
C-W3-0057,images\train\C-W3-0057.jpg,1920,1080,257
C-W3-0058,images\train\C-W3-0058.jpg,1920,1080,328
C-W3-0059,images\train\C-W3-0059.jpg,1920,1080,350
C-W3-0060,images\train\C-W3-0060.jpg,1920,1080,177
C-W3-0061,images\train\C-W3-0061.jpg,1920,1080,311
C-W3-0062,images\train\C-W3-0062.jpg,1920,1080,328
C-W3-0063,images\train\C-W3-0063.jpg,1920,1080,352
C-W3-0064,images\train\C-W3-0064.jpg,1920,1080,280
C-W3-0065,images\train\C-W3-0065.jpg,1920,1080,202
C-W3-0066,images\train\C-W3-0066.jpg,1920,1080,260
C-W3-0067,images\train\C-W3-0067.jpg,1920,1080,395
C-W3-0068,images\train\C-W3-0068.jpg,1920,1080,201
C-W3-0069,images\train\C-W3-0069.jpg,1920,1080,149
C-W3-0070,images\train\C-W3-0070.jpg,1920,1080,217
C-W3-0071,images\train\C-W3-0071.jpg,1920,1080,147
C-W3-0072,images\train\C-W3-0072.jpg,1920,1080,137
C-W3-0073,images\train\C-W3-0073.jpg,1920,1080,32
C-W3-0074,images\train\C-W3-0074.jpg,1920,1080,304
C-W3-0075,images\train\C-W3-0075.jpg,1920,1080,266
C-W3-0076,images\train\C-W3-0076.jpg,1920,1080,261
C-W3-0077,images\train\C-W3-0077.jpg,1920,1080,254
C-W3-0078,images\train\C-W3-0078.jpg,1920,1080,301
C-W3-0079,images\train\C-W3-0079.jpg,1920,1080,300
C-W3-0080,images\train\C-W3-0080.jpg,1920,1080,307
C-W3-0081,images\train\C-W3-0081.jpg,1920,1080,307
C-W3-0082,images\train\C-W3-0082.jpg,1920,1080,300
C-W3-0083,images\train\C-W3-0083.jpg,1920,1080,299
C-W3-0084,images\train\C-W3-0084.jpg,1920,1080,266
C-W3-0085,images\train\C-W3-0085.jpg,1920,1080,247
C-W3-0086,images\train\C-W3-0086.jpg,1920,1080,265
C-W3-0087,images\train\C-W3-0087.jpg,1920,1080,215
C-W3-0088,images\train\C-W3-0088.jpg,1920,1080,292
C-W3-0089,images\train\C-W3-0089.jpg,1920,1080,270
C-W3-0090,images\train\C-W3-0090.jpg,1920,1080,288
C-W3-0091,images\train\C-W3-0091.jpg,1920,1080,219
C-W3-0092,images\train\C-W3-0092.jpg,1920,1080,298
C-W3-0093,images\train\C-W3-0093.jpg,1920,1080,226
C-W3-0094,images\train\C-W3-0094.jpg,1920,1080,246
C-W3-0095,images\train\C-W3-0095.jpg,1920,1080,282
C-W3-0096,images\train\C-W3-0096.jpg,1920,1080,233
C-W3-0097,images\train\C-W3-0097.jpg,1920,1080,356
C-W3-0098,images\train\C-W3-0098.jpg,1920,1080,299
C-W3-0099,images\train\C-W3-0099.jpg,1920,1080,357
C-W3-0100,images\train\C-W3-0100.jpg,1920,1080,243
C-W3-0101,images\train\C-W3-0101.jpg,1920,1080,309
C-W3-0102,images\train\C-W3-0102.jpg,1920,1080,253
C-W3-0103,images\train\C-W3-0103.jpg,1920,1080,353
C-W3-0104,images\train\C-W3-0104.jpg,1920,1080,342
C-W3-0105,images\train\C-W3-0105.jpg,1920,1080,365
C-W3-0106,images\train\C-W3-0106.jpg,1920,1080,329
C-W3-0107,images\train\C-W3-0107.jpg,1920,1080,366
C-W3-0108,images\train\C-W3-0108.jpg,1920,1080,256
C-W3-0109,images\train\C-W3-0109.jpg,1920,1080,381
C-W3-0110,images\train\C-W3-0110.jpg,1920,1080,387
C-W3-0111,images\train\C-W3-0111.jpg,1920,1080,313
C-W3-0112,images\train\C-W3-0112.jpg,1920,1080,315
C-W3-0113,images\train\C-W3-0113.jpg,1920,1080,312
C-W3-0114,images\train\C-W3-0114.jpg,1920,1080,277
C-W3-0115,images\train\C-W3-0115.jpg,1920,1080,272
C-W3-0116,images\train\C-W3-0116.jpg,1920,1080,414
C-W3-0117,images\train\C-W3-0117.jpg,1920,1080,306
C-W3-0118,images\train\C-W3-0118.jpg,1920,1080,263
C-W3-0119,images\train\C-W3-0119.jpg,1920,1080,206
C-W3-V0001,images\val\C-W3-V0001.jpg,1920,1080,253
C-W3-V0002,images\val\C-W3-V0002.jpg,1920,1080,255
C-W3-V0003,images\val\C-W3-V0003.jpg,1920,1080,259
C-W3-V0004,images\val\C-W3-V0004.jpg,1920,1080,243
C-W3-V0005,images\val\C-W3-V0005.jpg,1920,1080,299
C-W3-V0006,images\val\C-W3-V0006.jpg,1920,1080,295
C-W3-V0007,images\val\C-W3-V0007.jpg,1920,1080,300
C-W3-V0008,images\val\C-W3-V0008.jpg,1920,1080,297
C-W3-V0009,images\val\C-W3-V0009.jpg,1920,1080,270
C-W3-V0010,images\val\C-W3-V0010.jpg,1920,1080,274
C-W3-V0011,images\val\C-W3-V0011.jpg,1920,1080,259
C-W3-V0012,images\val\C-W3-V0012.jpg,1920,1080,278
C-W3-V0013,images\val\C-W3-V0013.jpg,1920,1080,222
C-W3-V0014,images\val\C-W3-V0014.jpg,1920,1080,264
C-W3-V0015,images\val\C-W3-V0015.jpg,1920,1080,268
C-W3-V0016,images\val\C-W3-V0016.jpg,1920,1080,398
C-W3-V0017,images\val\C-W3-V0017.jpg,1920,1080,259
C-W3-V0018,images\val\C-W3-V0018.jpg,1920,1080,263
C-W3-V0019,images\val\C-W3-V0019.jpg,1920,1080,295
C-W3-V0020,images\val\C-W3-V0020.jpg,1920,1080,266
C-W3-V0021,images\val\C-W3-V0021.jpg,1920,1080,263
C-W3-V0022,images\val\C-W3-V0022.jpg,1920,1080,252
C-W3-V0023,images\val\C-W3-V0023.jpg,1920,1080,394
C-W3-V0024,images\val\C-W3-V0024.jpg,1920,1080,336
C-W3-V0025,images\val\C-W3-V0025.jpg,1920,1080,450
C-W3-V0026,images\val\C-W3-V0026.jpg,1920,1080,293
C-W3-V0027,images\val\C-W3-V0027.jpg,1920,1080,319
C-W3-V0028,images\val\C-W3-V0028.jpg,1920,1080,145
C-W3-V0029,images\val\C-W3-V0029.jpg,1920,1080,215
C-W3-V0030,images\val\C-W3-V0030.jpg,1920,1080,147
C-W3-V0031,images\val\C-W3-V0031.jpg,1920,1080,130
C-W3-V0032,images\val\C-W3-V0032.jpg,1920,1080,30
C-W3-V0033,images\val\C-W3-V0033.jpg,1920,1080,251
C-W3-V0034,images\val\C-W3-V0034.jpg,1920,1080,245
C-W3-V0035,images\val\C-W3-V0035.jpg,1920,1080,183
C-W3-V0036,images\val\C-W3-V0036.jpg,1920,1080,287
C-W3-V0037,images\val\C-W3-V0037.jpg,1920,1080,274
C-W3-V0038,images\val\C-W3-V0038.jpg,1920,1080,339
C-W3-V0039,images\val\C-W3-V0039.jpg,1920,1080,330
C-W3-V0040,images\val\C-W3-V0040.jpg,1920,1080,307
C-W3-V0041,images\val\C-W3-V0041.jpg,1920,1080,322
C-W3-V0042,images\val\C-W3-V0042.jpg,1920,1080,209
C-W3-V0043,images\val\C-W3-V0043.jpg,1920,1080,223
C-W3-V0044,images\val\C-W3-V0044.jpg,1920,1080,231
C-W3-V0045,images\val\C-W3-V0045.jpg,1920,1080,222
C-W3-V0046,images\val\C-W3-V0046.jpg,1920,1080,336
C-W3-V0047,images\val\C-W3-V0047.jpg,1920,1080,327
C-W3-V0048,images\val\C-W3-V0048.jpg,1920,1080,320
C-W3-V0049,images\val\C-W3-V0049.jpg,1920,1080,290
C-W3-V0050,images\val\C-W3-V0050.jpg,1920,1080,270
C-W3-V0051,images\val\C-W3-V0051.jpg,1920,1080,194
C-W3-V0052,images\val\C-W3-V0052.jpg,1920,1080,205
C-W3-V0053,images\val\C-W3-V0053.jpg,1920,1080,271
C-W3-V0054,images\val\C-W3-V0054.jpg,1920,1080,350
C-W3-V0055,images\val\C-W3-V0055.jpg,1920,1080,328
C-W3-V0056,images\val\C-W3-V0056.jpg,1920,1080,355
C-W3-V0057,images\val\C-W3-V0057.jpg,1920,1080,394
C-W3-V0058,images\val\C-W3-V0058.jpg,1920,1080,355
C-W3-V0059,images\val\C-W3-V0059.jpg,1920,1080,347
C-W3-V0060,images\val\C-W3-V0060.jpg,1920,1080,320
C-W3-V0061,images\val\C-W3-V0061.jpg,1920,1080,71
C-W3-V0062,images\val\C-W3-V0062.jpg,1920,1080,249
C-W3-V0063,images\val\C-W3-V0063.jpg,1920,1080,243
C-W3-V0064,images\val\C-W3-V0064.jpg,1920,1080,175
C-W3-V0065,images\val\C-W3-V0065.jpg,1920,1080,262
C-W4-0001,images\train\C-W4-0001.jpg,1920,1080,277
C-W4-0002,images\train\C-W4-0002.jpg,1920,1080,129
C-W4-0003,images\train\C-W4-0003.jpg,1920,1080,317
C-W4-0004,images\train\C-W4-0004.jpg,1920,1080,290
C-W4-0005,images\train\C-W4-0005.jpg,1920,1080,274
C-W4-0006,images\train\C-W4-0006.jpg,1920,1080,238
C-W4-0007,images\train\C-W4-0007.jpg,1920,1080,283
C-W4-0008,images\train\C-W4-0008.jpg,1920,1080,256
C-W4-0009,images\train\C-W4-0009.jpg,1920,1080,201
C-W4-0010,images\train\C-W4-0010.jpg,1920,1080,247
C-W4-0011,images\train\C-W4-0011.jpg,1920,1080,243
C-W4-0012,images\train\C-W4-0012.jpg,1920,1080,199
C-W4-0013,images\train\C-W4-0013.jpg,1920,1080,271
C-W4-0014,images\train\C-W4-0014.jpg,1920,1080,269
C-W4-0015,images\train\C-W4-0015.jpg,1920,1080,274
C-W4-0016,images\train\C-W4-0016.jpg,1920,1080,254
C-W4-0017,images\train\C-W4-0017.jpg,1920,1080,302
C-W4-0018,images\train\C-W4-0018.jpg,1920,1080,279
C-W4-0019,images\train\C-W4-0019.jpg,1920,1080,275
C-W4-0020,images\train\C-W4-0020.jpg,1920,1080,297
C-W4-0021,images\train\C-W4-0021.jpg,1920,1080,281
C-W4-0022,images\train\C-W4-0022.jpg,1920,1080,281
C-W4-0023,images\train\C-W4-0023.jpg,1920,1080,269
C-W4-0024,images\train\C-W4-0024.jpg,1920,1080,265
C-W4-0025,images\train\C-W4-0025.jpg,1920,1080,261
C-W4-0026,images\train\C-W4-0026.jpg,1920,1080,252
C-W4-0027,images\train\C-W4-0027.jpg,1920,1080,261
C-W4-0028,images\train\C-W4-0028.jpg,1920,1080,247
C-W4-0029,images\train\C-W4-0029.jpg,1920,1080,316
C-W4-0030,images\train\C-W4-0030.jpg,1920,1080,198
C-W4-0031,images\train\C-W4-0031.jpg,1920,1088,276
C-W4-0032,images\train\C-W4-0032.jpg,1920,1088,260
C-W4-0033,images\train\C-W4-0033.jpg,1920,1088,208
C-W4-0034,images\train\C-W4-0034.jpg,1920,1088,231
C-W4-0035,images\train\C-W4-0035.jpg,1920,1088,266
C-W4-0036,images\train\C-W4-0036.jpg,1920,1088,260
C-W4-0037,images\train\C-W4-0037.jpg,1920,1080,182
C-W4-0038,images\train\C-W4-0038.jpg,1920,1080,229
C-W4-0039,images\train\C-W4-0039.jpg,1920,1080,236
C-W4-0040,images\train\C-W4-0040.jpg,1920,1080,288
C-W4-0041,images\train\C-W4-0041.jpg,1920,1080,245
C-W4-0042,images\train\C-W4-0042.jpg,1920,1080,239
C-W4-0043,images\train\C-W4-0043.jpg,1920,1080,233
C-W4-0044,images\train\C-W4-0044.jpg,1920,1080,237
C-W4-0045,images\train\C-W4-0045.jpg,1920,1080,114
C-W4-0046,images\train\C-W4-0046.jpg,1920,1080,192
C-W4-0047,images\train\C-W4-0047.jpg,1920,1080,264
C-W4-0048,images\train\C-W4-0048.jpg,1920,1080,263
C-W4-0049,images\train\C-W4-0049.jpg,1920,1080,259
C-W4-0050,images\train\C-W4-0050.jpg,1920,1080,267
C-W4-0051,images\train\C-W4-0051.jpg,1920,1080,267
C-W4-0052,images\train\C-W4-0052.jpg,1920,1080,281
C-W4-0053,images\train\C-W4-0053.jpg,1920,1080,275
C-W4-0054,images\train\C-W4-0054.jpg,1920,1080,211
C-W4-0055,images\train\C-W4-0055.jpg,1920,1080,209
C-W4-0056,images\train\C-W4-0056.jpg,1920,1080,215
C-W4-0057,images\train\C-W4-0057.jpg,1920,1080,205
C-W4-0058,images\train\C-W4-0058.jpg,1920,1080,286
C-W4-0059,images\train\C-W4-0059.jpg,1920,1080,284
C-W4-0060,images\train\C-W4-0060.jpg,1920,1080,287
C-W4-0061,images\train\C-W4-0061.jpg,1920,1080,280
C-W4-0062,images\train\C-W4-0062.jpg,1920,1080,300
C-W4-0063,images\train\C-W4-0063.jpg,1920,1080,304
C-W4-0064,images\train\C-W4-0064.jpg,1920,1080,282
C-W4-0065,images\train\C-W4-0065.jpg,1920,1080,243
C-W4-0066,images\train\C-W4-0066.jpg,1920,1080,285
C-W4-0067,images\train\C-W4-0067.jpg,1920,1080,267
C-W4-0068,images\train\C-W4-0068.jpg,1920,1080,268
C-W4-0069,images\train\C-W4-0069.jpg,1920,1080,28
C-W4-0070,images\train\C-W4-0070.jpg,1920,1080,252
C-W4-0071,images\train\C-W4-0071.jpg,1920,1080,292
C-W4-0072,images\train\C-W4-0072.jpg,1920,1080,259
C-W4-0073,images\train\C-W4-0073.jpg,1920,1080,260
C-W4-0074,images\train\C-W4-0074.jpg,1920,1080,209
C-W4-0075,images\train\C-W4-0075.jpg,1920,1080,199
C-W4-0076,images\train\C-W4-0076.jpg,1920,1080,280
C-W4-0077,images\train\C-W4-0077.jpg,1920,1080,285
C-W4-0078,images\train\C-W4-0078.jpg,1920,1080,276
C-W4-0079,images\train\C-W4-0079.jpg,1920,1080,227
C-W4-0080,images\train\C-W4-0080.jpg,1920,1080,232
C-W4-0081,images\train\C-W4-0081.jpg,1920,1080,286
C-W4-0082,images\train\C-W4-0082.jpg,1920,1080,286
C-W4-0083,images\train\C-W4-0083.jpg,1920,1080,284
C-W4-0084,images\train\C-W4-0084.jpg,1920,1080,280
C-W4-0085,images\train\C-W4-0085.jpg,1920,1080,299
C-W4-0086,images\train\C-W4-0086.jpg,1920,1080,303
C-W4-0087,images\train\C-W4-0087.jpg,1920,1080,302
C-W4-0088,images\train\C-W4-0088.jpg,1920,1080,295
C-W4-0089,images\train\C-W4-0089.jpg,1920,1080,298
C-W4-0090,images\train\C-W4-0090.jpg,1920,1080,279
C-W4-0091,images\train\C-W4-0091.jpg,1920,1080,302
C-W4-0092,images\train\C-W4-0092.jpg,1920,1080,300
C-W4-0093,images\train\C-W4-0093.jpg,1920,1080,181
C-W4-0094,images\train\C-W4-0094.jpg,1920,1080,279
C-W4-0095,images\train\C-W4-0095.jpg,1920,1080,200
C-W4-0096,images\train\C-W4-0096.jpg,1920,1080,207
C-W4-0097,images\train\C-W4-0097.jpg,1920,1080,200
C-W4-0098,images\train\C-W4-0098.jpg,1920,1080,202
C-W4-0099,images\train\C-W4-0099.jpg,1920,1080,244
C-W4-0100,images\train\C-W4-0100.jpg,1920,1080,291
C-W4-0101,images\train\C-W4-0101.jpg,1920,1080,281
C-W4-0102,images\train\C-W4-0102.jpg,1920,1080,271
C-W4-0103,images\train\C-W4-0103.jpg,1920,1080,296
C-W4-0104,images\train\C-W4-0104.jpg,1920,1080,303
C-W4-0105,images\train\C-W4-0105.jpg,1920,1080,300
C-W4-0106,images\train\C-W4-0106.jpg,1920,1080,274
C-W4-0107,images\train\C-W4-0107.jpg,1920,1080,272
C-W4-0108,images\train\C-W4-0108.jpg,1920,1080,224
C-W4-0109,images\train\C-W4-0109.jpg,1920,1080,230
C-W4-0110,images\train\C-W4-0110.jpg,1920,1080,210
C-W4-V0001,images\val\C-W4-V0001.jpg,1920,1080,291
C-W4-V0002,images\val\C-W4-V0002.jpg,1920,1080,225
C-W4-V0003,images\val\C-W4-V0003.jpg,1920,1080,249
C-W4-V0004,images\val\C-W4-V0004.jpg,1920,1080,192
C-W4-V0005,images\val\C-W4-V0005.jpg,1920,1080,290
C-W4-V0006,images\val\C-W4-V0006.jpg,1920,1080,282
C-W4-V0007,images\val\C-W4-V0007.jpg,1920,1080,275
C-W4-V0008,images\val\C-W4-V0008.jpg,1920,1080,197
C-W4-V0009,images\val\C-W4-V0009.jpg,1920,1080,278
C-W4-V0010,images\val\C-W4-V0010.jpg,1920,1080,290
C-W4-V0011,images\val\C-W4-V0011.jpg,1920,1080,280
C-W4-V0012,images\val\C-W4-V0012.jpg,1920,1080,271
C-W4-V0013,images\val\C-W4-V0013.jpg,1920,1080,264
C-W4-V0014,images\val\C-W4-V0014.jpg,1920,1080,264
C-W4-V0015,images\val\C-W4-V0015.jpg,1920,1080,278
C-W4-V0016,images\val\C-W4-V0016.jpg,1920,1080,196
C-W4-V0017,images\val\C-W4-V0017.jpg,1920,1080,211
C-W4-V0018,images\val\C-W4-V0018.jpg,1920,1080,205
C-W4-V0019,images\val\C-W4-V0019.jpg,1920,1080,275
C-W4-V0020,images\val\C-W4-V0020.jpg,1920,1080,85
C-W4-V0021,images\val\C-W4-V0021.jpg,1920,1080,273
C-W4-V0022,images\val\C-W4-V0022.jpg,1920,1080,228
C-W4-V0023,images\val\C-W4-V0023.jpg,1920,1080,228
C-W4-V0024,images\val\C-W4-V0024.jpg,1920,1080,300
C-W4-V0025,images\val\C-W4-V0025.jpg,1920,1080,275
C-W4-V0026,images\val\C-W4-V0026.jpg,1920,1080,268
C-W4-V0027,images\val\C-W4-V0027.jpg,1920,1080,328
C-W4-V0028,images\val\C-W4-V0028.jpg,1920,1080,357
C-W4-V0029,images\val\C-W4-V0029.jpg,1920,1080,273
C-W4-V0030,images\val\C-W4-V0030.jpg,1920,1080,218
C-W4-V0031,images\val\C-W4-V0031.jpg,1920,1080,135
C-W4-V0032,images\val\C-W4-V0032.jpg,1920,1080,242
C-W4-V0033,images\val\C-W4-V0033.jpg,1920,1080,84
C-W4-V0034,images\val\C-W4-V0034.jpg,1920,1080,218
C-W4-V0035,images\val\C-W4-V0035.jpg,1920,1080,132
C-W4-V0036,images\val\C-W4-V0036.jpg,1920,1080,144
C-W4-V0037,images\val\C-W4-V0037.jpg,1920,1080,255
C-W4-V0038,images\val\C-W4-V0038.jpg,1920,1080,243
C-W4-V0039,images\val\C-W4-V0039.jpg,1920,1080,247
C-W4-V0040,images\val\C-W4-V0040.jpg,1920,1080,262
C-W4-V0041,images\val\C-W4-V0041.jpg,1920,1080,271
C-W4-V0042,images\val\C-W4-V0042.jpg,1920,1080,263
C-W4-V0043,images\val\C-W4-V0043.jpg,1920,1080,127
C-W4-V0044,images\val\C-W4-V0044.jpg,1920,1080,286
C-W4-V0045,images\val\C-W4-V0045.jpg,1920,1080,289
C-W4-V0046,images\val\C-W4-V0046.jpg,1920,1080,276
C-W4-V0047,images\val\C-W4-V0047.jpg,1920,1080,248
C-W4-V0048,images\val\C-W4-V0048.jpg,1920,1080,248
C-W4-V0049,images\val\C-W4-V0049.jpg,1920,1080,104
C-W4-V0050,images\val\C-W4-V0050.jpg,1920,1080,147
C-W4-V0051,images\val\C-W4-V0051.jpg,1920,1080,330
C-W4-V0052,images\val\C-W4-V0052.jpg,1920,1080,275
C-W4-V0053,images\val\C-W4-V0053.jpg,1920,1080,223
C-W4-V0054,images\val\C-W4-V0054.jpg,1920,1080,313
C-W4-V0055,images\val\C-W4-V0055.jpg,1920,1080,277
C-W4-V0056,images\val\C-W4-V0056.jpg,1920,1080,301
C-W4-V0057,images\val\C-W4-V0057.jpg,1920,1080,271
C-W4-V0058,images\val\C-W4-V0058.jpg,1920,1080,262
C-W4-V0059,images\val\C-W4-V0059.jpg,1920,1080,324
C-W4-V0060,images\val\C-W4-V0060.jpg,1920,1080,351
C-W4-V0061,images\val\C-W4-V0061.jpg,1920,1080,267
C-W4-V0062,images\val\C-W4-V0062.jpg,1920,1080,214
C-W4-V0063,images\val\C-W4-V0063.jpg,1920,1080,134
C-W5-0001,images\train\C-W5-0001.jpg,1920,1080,151
C-W5-0002,images\train\C-W5-0002.jpg,1920,1080,161
C-W5-0003,images\train\C-W5-0003.jpg,1920,1080,108
C-W5-0004,images\train\C-W5-0004.jpg,1920,1080,90
C-W5-0005,images\train\C-W5-0005.jpg,1920,1080,90
C-W5-0006,images\train\C-W5-0006.jpg,1920,1080,102
C-W5-0007,images\train\C-W5-0007.jpg,1920,1080,92
C-W5-0008,images\train\C-W5-0008.jpg,1920,1080,93
C-W5-0009,images\train\C-W5-0009.jpg,1920,1080,120
C-W5-0010,images\train\C-W5-0010.jpg,1920,1080,59
C-W5-0011,images\train\C-W5-0011.jpg,1920,1080,73
C-W5-0012,images\train\C-W5-0012.jpg,1920,1080,73
C-W5-0013,images\train\C-W5-0013.jpg,1920,1080,74
C-W5-0014,images\train\C-W5-0014.jpg,1920,1080,87
C-W5-V0001,images\val\C-W5-V0001.jpg,1920,1080,117
C-W5-V0002,images\val\C-W5-V0002.jpg,1920,1080,121
C-W5-V0003,images\val\C-W5-V0003.jpg,1920,1080,167
C-W6-0001,images\train\C-W6-0001.jpg,1920,1080,196
C-W6-0002,images\train\C-W6-0002.jpg,1920,1080,171
C-W6-0003,images\train\C-W6-0003.jpg,1920,1080,242
C-W6-0004,images\train\C-W6-0004.jpg,1920,1080,114
C-W6-0005,images\train\C-W6-0005.jpg,1920,1080,96
C-W6-0006,images\train\C-W6-0006.jpg,1920,1080,152
C-W6-0007,images\train\C-W6-0007.jpg,1920,1080,168
C-W6-0008,images\train\C-W6-0008.jpg,1920,1080,172
C-W6-0009,images\train\C-W6-0009.jpg,1920,1080,181
C-W6-0010,images\train\C-W6-0010.jpg,1920,1080,199
C-W6-0011,images\train\C-W6-0011.jpg,1920,1088,138
C-W6-0012,images\train\C-W6-0012.jpg,1920,1088,169
C-W6-0013,images\train\C-W6-0013.jpg,1920,1080,89
C-W6-0014,images\train\C-W6-0014.jpg,1920,1080,25
C-W6-0015,images\train\C-W6-0015.jpg,1920,1080,58
C-W6-0016,images\train\C-W6-0016.jpg,1920,1080,32
C-W6-0017,images\train\C-W6-0017.jpg,1920,1080,64
C-W6-0018,images\train\C-W6-0018.jpg,1920,1080,102
C-W6-0019,images\train\C-W6-0019.jpg,1920,1080,50
C-W6-0020,images\train\C-W6-0020.jpg,1920,1080,137
C-W6-0021,images\train\C-W6-0021.jpg,1920,1080,99
C-W6-0022,images\train\C-W6-0022.jpg,1920,1080,110
C-W6-0023,images\train\C-W6-0023.jpg,1920,1080,87
C-W6-0024,images\train\C-W6-0024.jpg,1920,1080,108
C-W6-0025,images\train\C-W6-0025.jpg,1920,1080,114
C-W6-0026,images\train\C-W6-0026.jpg,1920,1080,134
C-W6-0027,images\train\C-W6-0027.jpg,1920,1080,165
C-W6-0028,images\train\C-W6-0028.jpg,1920,1080,132
C-W6-0029,images\train\C-W6-0029.jpg,1920,1080,47
C-W6-0030,images\train\C-W6-0030.jpg,1920,1080,48
C-W6-0031,images\train\C-W6-0031.jpg,1920,1080,141
C-W6-0032,images\train\C-W6-0032.jpg,1920,1080,46
C-W6-0033,images\train\C-W6-0033.jpg,1920,1080,101
C-W6-0034,images\train\C-W6-0034.jpg,1920,1080,79
C-W6-0035,images\train\C-W6-0035.jpg,1920,1080,87
C-W6-0036,images\train\C-W6-0036.jpg,1920,1080,112
C-W6-0037,images\train\C-W6-0037.jpg,1920,1080,175
C-W6-0038,images\train\C-W6-0038.jpg,1920,1080,2
C-W6-0039,images\train\C-W6-0039.jpg,1920,1080,1
C-W6-0040,images\train\C-W6-0040.jpg,1920,1080,46
C-W6-0041,images\train\C-W6-0041.jpg,1920,1080,123
C-W6-0042,images\train\C-W6-0042.jpg,1920,1080,60
C-W6-0043,images\train\C-W6-0043.jpg,1920,1080,150
C-W6-0044,images\train\C-W6-0044.jpg,1920,1080,182
C-W6-0045,images\train\C-W6-0045.jpg,1920,1080,112
C-W6-0046,images\train\C-W6-0046.jpg,1920,1080,132
C-W6-0047,images\train\C-W6-0047.jpg,1920,1080,127
C-W6-0048,images\train\C-W6-0048.jpg,1920,1080,124
C-W6-0049,images\train\C-W6-0049.jpg,1920,1080,111
C-W6-0050,images\train\C-W6-0050.jpg,1920,1080,115
C-W6-0051,images\train\C-W6-0051.jpg,1920,1080,120
C-W6-0052,images\train\C-W6-0052.jpg,1920,1080,108
C-W6-0053,images\train\C-W6-0053.jpg,1920,1080,172
C-W6-0054,images\train\C-W6-0054.jpg,1920,1080,177
C-W6-0055,images\train\C-W6-0055.jpg,1920,1080,83
C-W6-0056,images\train\C-W6-0056.jpg,1920,1080,167
C-W6-0057,images\train\C-W6-0057.jpg,1920,1080,119
C-W6-0058,images\train\C-W6-0058.jpg,1920,1080,137
C-W6-0059,images\train\C-W6-0059.jpg,1920,1080,67
C-W6-0060,images\train\C-W6-0060.jpg,1920,1080,80
C-W6-0061,images\train\C-W6-0061.jpg,1920,1080,77
C-W6-0062,images\train\C-W6-0062.jpg,1920,1080,72
C-W6-0063,images\train\C-W6-0063.jpg,1920,1080,123
C-W6-0064,images\train\C-W6-0064.jpg,1920,1080,167
C-W6-0065,images\train\C-W6-0065.jpg,1920,1080,103
C-W6-0066,images\train\C-W6-0066.jpg,1920,1080,132
C-W6-0067,images\train\C-W6-0067.jpg,1920,1080,149
C-W6-0068,images\train\C-W6-0068.jpg,1920,1080,155
C-W6-0069,images\train\C-W6-0069.jpg,1920,1080,49
C-W6-0070,images\train\C-W6-0070.jpg,1920,1080,111
C-W6-0071,images\train\C-W6-0071.jpg,1920,1080,161
C-W6-0072,images\train\C-W6-0072.jpg,1920,1080,8
C-W6-0073,images\train\C-W6-0073.jpg,1920,1080,12
C-W6-0074,images\train\C-W6-0074.jpg,1920,1080,14
C-W6-0075,images\train\C-W6-0075.jpg,1920,1080,46
C-W6-0076,images\train\C-W6-0076.jpg,1920,1080,174
C-W6-0077,images\train\C-W6-0077.jpg,1920,1080,162
C-W6-0078,images\train\C-W6-0078.jpg,1920,1080,159
C-W6-0079,images\train\C-W6-0079.jpg,1920,1080,162
C-W6-0080,images\train\C-W6-0080.jpg,1920,1080,171
C-W6-0081,images\train\C-W6-0081.jpg,1920,1080,188
C-W6-0082,images\train\C-W6-0082.jpg,1920,1080,63
C-W6-0083,images\train\C-W6-0083.jpg,1920,1080,176
C-W6-0084,images\train\C-W6-0084.jpg,1920,1080,163
C-W6-0085,images\train\C-W6-0085.jpg,1920,1080,134
C-W6-0086,images\train\C-W6-0086.jpg,1920,1080,223
C-W6-0087,images\train\C-W6-0087.jpg,1920,1080,145
C-W6-0088,images\train\C-W6-0088.jpg,1920,1080,171
C-W6-0089,images\train\C-W6-0089.jpg,1920,1080,152
C-W6-0090,images\train\C-W6-0090.jpg,1920,1080,241
C-W6-0091,images\train\C-W6-0091.jpg,1920,1080,126
C-W6-0092,images\train\C-W6-0092.jpg,1920,1080,126
C-W6-0093,images\train\C-W6-0093.jpg,1920,1080,152
C-W6-0094,images\train\C-W6-0094.jpg,1920,1080,140
C-W6-0095,images\train\C-W6-0095.jpg,1920,1080,140
C-W6-0096,images\train\C-W6-0096.jpg,1920,1080,140
C-W6-0097,images\train\C-W6-0097.jpg,1920,1080,135
C-W6-0098,images\train\C-W6-0098.jpg,1920,1080,98
C-W6-0099,images\train\C-W6-0099.jpg,1920,1080,175
C-W6-0100,images\train\C-W6-0100.jpg,1920,1080,216
C-W6-0101,images\train\C-W6-0101.jpg,1920,1080,183
C-W6-0102,images\train\C-W6-0102.jpg,1920,1080,174
C-W6-0103,images\train\C-W6-0103.jpg,1920,1080,137
C-W6-0104,images\train\C-W6-0104.jpg,1920,1080,156
C-W6-0105,images\train\C-W6-0105.jpg,1920,1080,115
C-W6-0106,images\train\C-W6-0106.jpg,1920,1080,165
C-W6-0107,images\train\C-W6-0107.jpg,1920,1080,183
C-W6-0108,images\train\C-W6-0108.jpg,1920,1080,169
C-W6-0109,images\train\C-W6-0109.jpg,1920,1080,158
C-W6-0110,images\train\C-W6-0110.jpg,1920,1080,116
C-W6-0111,images\train\C-W6-0111.jpg,1920,1080,113
C-W6-0112,images\train\C-W6-0112.jpg,1920,1080,132
C-W6-0113,images\train\C-W6-0113.jpg,1920,1080,139
C-W6-0114,images\train\C-W6-0114.jpg,1920,1080,147
C-W6-0115,images\train\C-W6-0115.jpg,1920,1080,142
C-W6-0116,images\train\C-W6-0116.jpg,1920,1080,144
C-W6-0117,images\train\C-W6-0117.jpg,1920,1080,147
C-W6-0118,images\train\C-W6-0118.jpg,1920,1080,151
C-W6-0119,images\train\C-W6-0119.jpg,1920,1080,139
C-W6-0120,images\train\C-W6-0120.jpg,1920,1080,192
C-W6-0121,images\train\C-W6-0121.jpg,1920,1080,161
C-W6-0122,images\train\C-W6-0122.jpg,1920,1080,124
C-W6-0123,images\train\C-W6-0123.jpg,1920,1080,169
C-W6-0124,images\train\C-W6-0124.jpg,1920,1080,148
C-W6-0125,images\train\C-W6-0125.jpg,1920,1080,156
C-W6-0126,images\train\C-W6-0126.jpg,1920,1080,177
C-W6-0127,images\train\C-W6-0127.jpg,1920,1080,14
C-W6-0128,images\train\C-W6-0128.jpg,1920,1080,171
C-W6-0129,images\train\C-W6-0129.jpg,1920,1080,155
C-W6-0130,images\train\C-W6-0130.jpg,1920,1080,154
C-W6-0131,images\train\C-W6-0131.jpg,1920,1080,184
C-W6-0132,images\train\C-W6-0132.jpg,1920,1080,166
C-W6-0133,images\train\C-W6-0133.jpg,1920,1080,173
C-W6-0134,images\train\C-W6-0134.jpg,1920,1080,174
C-W6-0135,images\train\C-W6-0135.jpg,1920,1080,165
C-W6-0136,images\train\C-W6-0136.jpg,1920,1080,28
C-W6-0137,images\train\C-W6-0137.jpg,1920,1080,91
C-W6-0138,images\train\C-W6-0138.jpg,1920,1080,137
C-W6-0139,images\train\C-W6-0139.jpg,1920,1080,135
C-W6-0140,images\train\C-W6-0140.jpg,1920,1080,202
C-W6-0141,images\train\C-W6-0141.jpg,1920,1080,136
C-W6-0142,images\train\C-W6-0142.jpg,1920,1080,230
C-W6-0143,images\train\C-W6-0143.jpg,1920,1080,192
C-W6-0144,images\train\C-W6-0144.jpg,1920,1080,152
C-W6-0145,images\train\C-W6-0145.jpg,1920,1080,152
C-W6-0146,images\train\C-W6-0146.jpg,1920,1080,128
C-W6-0147,images\train\C-W6-0147.jpg,1920,1080,146
C-W6-0148,images\train\C-W6-0148.jpg,1920,1080,148
C-W6-0149,images\train\C-W6-0149.jpg,1920,1080,159
C-W6-V0001,images\val\C-W6-V0001.jpg,1920,1080,145
C-W6-V0002,images\val\C-W6-V0002.jpg,1920,1080,62
C-W6-V0003,images\val\C-W6-V0003.jpg,1920,1080,64
C-W6-V0004,images\val\C-W6-V0004.jpg,1920,1080,65
C-W6-V0005,images\val\C-W6-V0005.jpg,1920,1080,124
C-W6-V0006,images\val\C-W6-V0006.jpg,1920,1080,167
C-W6-V0007,images\val\C-W6-V0007.jpg,1920,1080,162
C-W6-V0008,images\val\C-W6-V0008.jpg,1920,1080,50
C-W6-V0009,images\val\C-W6-V0009.jpg,1920,1080,98
C-W6-V0010,images\val\C-W6-V0010.jpg,1920,1080,134
C-W6-V0011,images\val\C-W6-V0011.jpg,1920,1080,94
C-W6-V0012,images\val\C-W6-V0012.jpg,1920,1080,155
C-W6-V0013,images\val\C-W6-V0013.jpg,1920,1080,96
C-W6-V0014,images\val\C-W6-V0014.jpg,1920,1080,35
C-W6-V0015,images\val\C-W6-V0015.jpg,1920,1080,11
C-W6-V0016,images\val\C-W6-V0016.jpg,1920,1080,48
C-W6-V0017,images\val\C-W6-V0017.jpg,1920,1080,79
C-W6-V0018,images\val\C-W6-V0018.jpg,1920,1080,153
C-W6-V0019,images\val\C-W6-V0019.jpg,1920,1080,92
C-W6-V0020,images\val\C-W6-V0020.jpg,1920,1080,84
C-W6-V0021,images\val\C-W6-V0021.jpg,1920,1080,147
C-W6-V0022,images\val\C-W6-V0022.jpg,1920,1080,109
C-W6-V0023,images\val\C-W6-V0023.jpg,1920,1080,116
C-W6-V0024,images\val\C-W6-V0024.jpg,1920,1080,41
C-W6-V0025,images\val\C-W6-V0025.jpg,1920,1080,79
C-W6-V0026,images\val\C-W6-V0026.jpg,1920,1080,144
C-W6-V0027,images\val\C-W6-V0027.jpg,1920,1080,139
C-W6-V0028,images\val\C-W6-V0028.jpg,1920,1080,120
C-W6-V0029,images\val\C-W6-V0029.jpg,1920,1080,117
C-W6-V0030,images\val\C-W6-V0030.jpg,1920,1080,163
C-W6-V0031,images\val\C-W6-V0031.jpg,1920,1080,30
C-W6-V0032,images\val\C-W6-V0032.jpg,1920,1080,3
C-W6-V0033,images\val\C-W6-V0033.jpg,1920,1080,4
C-W6-V0034,images\val\C-W6-V0034.jpg,1920,1080,150
C-W6-V0035,images\val\C-W6-V0035.jpg,1920,1080,122
C-W6-V0036,images\val\C-W6-V0036.jpg,1920,1080,120
C-W6-V0037,images\val\C-W6-V0037.jpg,1920,1080,122
C-W6-V0038,images\val\C-W6-V0038.jpg,1920,1080,122
C-W6-V0039,images\val\C-W6-V0039.jpg,1920,1080,168
C-W6-V0040,images\val\C-W6-V0040.jpg,1920,1080,169
C-W6-V0041,images\val\C-W6-V0041.jpg,1920,1080,109
C-W6-V0042,images\val\C-W6-V0042.jpg,1920,1080,139
C-W6-V0043,images\val\C-W6-V0043.jpg,1920,1080,155
C-W6-V0044,images\val\C-W6-V0044.jpg,1920,1080,148
C-W6-V0045,images\val\C-W6-V0045.jpg,1920,1080,141
C-W6-V0046,images\val\C-W6-V0046.jpg,1920,1080,67
C-W6-V0047,images\val\C-W6-V0047.jpg,1920,1080,192
C-W6-V0048,images\val\C-W6-V0048.jpg,1920,1080,185
C-W6-V0049,images\val\C-W6-V0049.jpg,1920,1080,189
C-W6-V0050,images\val\C-W6-V0050.jpg,1920,1080,167
C-W6-V0051,images\val\C-W6-V0051.jpg,1920,1080,173
C-W6-V0052,images\val\C-W6-V0052.jpg,1920,1080,175
C-W6-V0053,images\val\C-W6-V0053.jpg,1920,1080,179
C-W6-V0054,images\val\C-W6-V0054.jpg,1920,1080,162
C-W6-V0055,images\val\C-W6-V0055.jpg,1920,1080,107
C-W6-V0056,images\val\C-W6-V0056.jpg,1920,1080,159
C-W6-V0057,images\val\C-W6-V0057.jpg,1920,1080,62
C-W6-V0058,images\val\C-W6-V0058.jpg,1920,1080,48
C-W6-V0059,images\val\C-W6-V0059.jpg,1920,1080,9
C-W6-V0060,images\val\C-W6-V0060.jpg,1920,1080,56
C-W6-V0061,images\val\C-W6-V0061.jpg,1920,1080,96
C-W6-V0062,images\val\C-W6-V0062.jpg,1920,1080,164
K-505,images\train\K-505.jpg,1920,1080,168
K-506,images\train\K-506.jpg,1920,1080,158
K-507,images\train\K-507.jpg,1920,1080,168
K-508,images\train\K-508.jpg,1920,1080,187
K-511,images\train\K-511.jpg,1920,1080,302
K-512,images\train\K-512.jpg,1920,1080,248
K-513,images\train\K-513.jpg,1920,1080,602
K-514,images\train\K-514.jpg,1920,1080,589
K-515,images\train\K-515.jpg,1920,1080,565
K-516,images\train\K-516.jpg,1920,1080,522
K-517,images\train\K-517.jpg,1920,1080,457
K-528,images\train\K-528.jpg,1920,1080,307
K-529,images\train\K-529.jpg,1920,1080,435
K-530,images\train\K-530.jpg,1920,1080,173
K-531,images\train\K-531.jpg,1920,1080,171
K-532,images\train\K-532.jpg,1920,1080,201
K-570,images\train\K-570.jpg,1920,1080,165
K-571,images\train\K-571.jpg,1920,1080,108
K-575,images\train\K-575.jpg,1920,1080,330
P-W1-0001,images\train\P-W1-0001.jpg,1920,1080,63
P-W1-0002,images\train\P-W1-0002.jpg,1920,1080,57
P-W1-0003,images\train\P-W1-0003.jpg,1920,1080,59
P-W1-0004,images\train\P-W1-0004.jpg,1920,1080,80
P-W1-0005,images\train\P-W1-0005.jpg,1920,1080,82
P-W1-0006,images\train\P-W1-0006.jpg,1920,1080,76
P-W1-0007,images\train\P-W1-0007.jpg,1920,1080,78
P-W1-0008,images\train\P-W1-0008.jpg,1920,1080,84
P-W1-0009,images\train\P-W1-0009.jpg,1920,1080,80
P-W1-0010,images\train\P-W1-0010.jpg,1920,1080,82
P-W1-0011,images\train\P-W1-0011.jpg,1920,1080,74
P-W1-0012,images\train\P-W1-0012.jpg,1920,1080,48
P-W1-0013,images\train\P-W1-0013.jpg,1920,1080,62
P-W1-0014,images\train\P-W1-0014.jpg,1920,1080,68
P-W1-0015,images\train\P-W1-0015.jpg,1920,1080,55
P-W1-0016,images\train\P-W1-0016.jpg,1920,1080,61
P-W1-0017,images\train\P-W1-0017.jpg,1920,1080,74
P-W1-0018,images\train\P-W1-0018.jpg,1920,1080,90
P-W1-0019,images\train\P-W1-0019.jpg,1920,1080,68
P-W1-0020,images\train\P-W1-0020.jpg,1920,1080,50
P-W1-0021,images\train\P-W1-0021.jpg,1920,1080,53
P-W1-0022,images\train\P-W1-0022.jpg,1920,1080,50
P-W1-0023,images\train\P-W1-0023.jpg,1920,1080,50
P-W1-0024,images\train\P-W1-0024.jpg,1920,1080,52
P-W1-0025,images\train\P-W1-0025.jpg,1920,1080,45
P-W1-0026,images\train\P-W1-0026.jpg,1920,1080,58
P-W1-0027,images\train\P-W1-0027.jpg,1920,1080,94
P-W1-0028,images\train\P-W1-0028.jpg,1920,1080,86
P-W1-0029,images\train\P-W1-0029.jpg,1920,1080,80
P-W1-0030,images\train\P-W1-0030.jpg,1920,1080,75
P-W1-0031,images\train\P-W1-0031.jpg,1920,1080,86
P-W1-0032,images\train\P-W1-0032.jpg,1920,1080,75
P-W1-0033,images\train\P-W1-0033.jpg,1920,1080,89
P-W1-0034,images\train\P-W1-0034.jpg,1920,1080,89
P-W1-0035,images\train\P-W1-0035.jpg,1920,1080,77
P-W1-0036,images\train\P-W1-0036.jpg,1920,1080,72
P-W1-0037,images\train\P-W1-0037.jpg,1920,1080,80
P-W1-0038,images\train\P-W1-0038.jpg,1920,1080,79
P-W1-0039,images\train\P-W1-0039.jpg,1920,1080,75
P-W1-0040,images\train\P-W1-0040.jpg,1920,1080,79
P-W1-0041,images\train\P-W1-0041.jpg,1920,1080,80
P-W1-0042,images\train\P-W1-0042.jpg,1920,1080,93
P-W1-0043,images\train\P-W1-0043.jpg,1920,1080,88
P-W1-0044,images\train\P-W1-0044.jpg,1920,1080,85
P-W1-0045,images\train\P-W1-0045.jpg,1920,1080,85
P-W1-0046,images\train\P-W1-0046.jpg,1920,1080,70
P-W1-0047,images\train\P-W1-0047.jpg,1920,1080,79
P-W1-0048,images\train\P-W1-0048.jpg,1920,1080,87
P-W1-0049,images\train\P-W1-0049.jpg,1920,1080,84
P-W1-0050,images\train\P-W1-0050.jpg,1920,1080,76
P-W1-0051,images\train\P-W1-0051.jpg,1920,1080,69
P-W1-0052,images\train\P-W1-0052.jpg,1920,1080,82
P-W1-0053,images\train\P-W1-0053.jpg,1920,1080,83
P-W1-0054,images\train\P-W1-0054.jpg,1920,1080,89
P-W1-0055,images\train\P-W1-0055.jpg,1920,1080,89
P-W1-0056,images\train\P-W1-0056.jpg,1920,1080,87
P-W1-0057,images\train\P-W1-0057.jpg,1920,1080,74
P-W1-0058,images\train\P-W1-0058.jpg,1920,1080,96
P-W1-0059,images\train\P-W1-0059.jpg,1920,1080,94
P-W1-0060,images\train\P-W1-0060.jpg,1920,1080,69
P-W1-0061,images\train\P-W1-0061.jpg,1920,1080,73
P-W1-0062,images\train\P-W1-0062.jpg,1920,1080,84
P-W1-0063,images\train\P-W1-0063.jpg,1920,1080,76
P-W1-0064,images\train\P-W1-0064.jpg,1920,1080,88
P-W1-0065,images\train\P-W1-0065.jpg,1920,1080,95
P-W1-0066,images\train\P-W1-0066.jpg,1920,1080,90
P-W1-0067,images\train\P-W1-0067.jpg,1920,1080,93
P-W1-0068,images\train\P-W1-0068.jpg,1920,1080,87
P-W1-0069,images\train\P-W1-0069.jpg,1920,1080,70
P-W1-0070,images\train\P-W1-0070.jpg,1920,1080,94
P-W1-0071,images\train\P-W1-0071.jpg,1920,1080,92
P-W1-0072,images\train\P-W1-0072.jpg,1920,1080,94
P-W1-0073,images\train\P-W1-0073.jpg,1920,1080,91
P-W1-0074,images\train\P-W1-0074.jpg,1920,1080,95
P-W1-0075,images\train\P-W1-0075.jpg,1920,1080,86
P-W1-0076,images\train\P-W1-0076.jpg,1920,1080,95
P-W1-0077,images\train\P-W1-0077.jpg,1920,1080,91
P-W1-0078,images\train\P-W1-0078.jpg,1920,1080,92
P-W1-0079,images\train\P-W1-0079.jpg,1920,1080,83
P-W1-0080,images\train\P-W1-0080.jpg,1920,1080,94
P-W1-0081,images\train\P-W1-0081.jpg,1920,1080,96
P-W1-V0001,images\val\P-W1-V0001.jpg,1920,1080,87
P-W1-V0002,images\val\P-W1-V0002.jpg,1920,1080,83
P-W1-V0003,images\val\P-W1-V0003.jpg,1920,1080,97
P-W1-V0004,images\val\P-W1-V0004.jpg,1920,1080,95
P-W1-V0005,images\val\P-W1-V0005.jpg,1920,1080,94
P-W1-V0006,images\val\P-W1-V0006.jpg,1920,1080,80
P-W1-V0007,images\val\P-W1-V0007.jpg,1920,1080,77
P-W1-V0008,images\val\P-W1-V0008.jpg,1920,1080,90
P-W1-V0009,images\val\P-W1-V0009.jpg,1920,1080,89
P-W1-V0010,images\val\P-W1-V0010.jpg,1920,1080,83
P-W1-V0011,images\val\P-W1-V0011.jpg,1920,1080,74
P-W1-V0012,images\val\P-W1-V0012.jpg,1920,1080,90
P-W1-V0013,images\val\P-W1-V0013.jpg,1920,1080,85
P-W1-V0014,images\val\P-W1-V0014.jpg,1920,1080,79
P-W1-V0015,images\val\P-W1-V0015.jpg,1920,1080,70
P-W1-V0016,images\val\P-W1-V0016.jpg,1920,1080,48
P-W1-V0017,images\val\P-W1-V0017.jpg,1920,1080,58
P-W1-V0018,images\val\P-W1-V0018.jpg,1920,1080,73
P-W1-V0019,images\val\P-W1-V0019.jpg,1920,1080,66
P-W1-V0020,images\val\P-W1-V0020.jpg,1920,1080,75
P-W1-V0021,images\val\P-W1-V0021.jpg,1920,1080,67
P-W1-V0022,images\val\P-W1-V0022.jpg,1920,1080,86
P-W1-V0023,images\val\P-W1-V0023.jpg,1920,1080,85
P-W1-V0024,images\val\P-W1-V0024.jpg,1920,1080,94
P-W1-V0025,images\val\P-W1-V0025.jpg,1920,1080,96
P-W1-V0026,images\val\P-W1-V0026.jpg,1920,1080,85
P-W1-V0027,images\val\P-W1-V0027.jpg,1920,1080,83
P-W1-V0028,images\val\P-W1-V0028.jpg,1920,1080,89
P-W1-V0029,images\val\P-W1-V0029.jpg,1920,1080,92
P-W1-V0030,images\val\P-W1-V0030.jpg,1920,1080,92
P-W1-V0031,images\val\P-W1-V0031.jpg,1920,1080,95
P-W1-V0032,images\val\P-W1-V0032.jpg,1920,1080,94
P-W1-V0033,images\val\P-W1-V0033.jpg,1920,1080,77
P-W1-V0034,images\val\P-W1-V0034.jpg,1920,1080,87
P-W1-V0035,images\val\P-W1-V0035.jpg,1920,1080,93
P-W1-V0036,images\val\P-W1-V0036.jpg,1920,1080,97
P-W1-V0037,images\val\P-W1-V0037.jpg,1920,1080,91
P-W1-V0038,images\val\P-W1-V0038.jpg,1920,1080,97
P-W1-V0039,images\val\P-W1-V0039.jpg,1920,1080,98
P-W1-V0040,images\val\P-W1-V0040.jpg,1920,1080,69
P-W1-V0041,images\val\P-W1-V0041.jpg,1920,1080,79
P-W1-V0042,images\val\P-W1-V0042.jpg,1920,1080,73
P-W1-V0043,images\val\P-W1-V0043.jpg,1920,1080,79
P-W1-V0044,images\val\P-W1-V0044.jpg,1920,1080,78
P-W1-V0045,images\val\P-W1-V0045.jpg,1920,1080,83
P-W1-V0046,images\val\P-W1-V0046.jpg,1920,1080,81
P-W1-V0047,images\val\P-W1-V0047.jpg,1920,1080,94
P-W1-V0048,images\val\P-W1-V0048.jpg,1920,1080,95
P-W1-V0049,images\val\P-W1-V0049.jpg,1920,1080,81
P-W2-0001,images\train\P-W2-0001.jpg,1920,1080,82
P-W2-0002,images\train\P-W2-0002.jpg,1920,1080,73
P-W2-0003,images\train\P-W2-0003.jpg,1920,1080,90
P-W2-0004,images\train\P-W2-0004.jpg,1920,1080,89
P-W2-0005,images\train\P-W2-0005.jpg,1920,1080,88
P-W2-0006,images\train\P-W2-0006.jpg,1920,1080,88
P-W2-0007,images\train\P-W2-0007.jpg,1920,1080,85
P-W2-0008,images\train\P-W2-0008.jpg,1920,1080,77
P-W2-0009,images\train\P-W2-0009.jpg,1920,1080,90
P-W2-0010,images\train\P-W2-0010.jpg,1920,1080,88
P-W2-0011,images\train\P-W2-0011.jpg,1920,1080,89
P-W2-0012,images\train\P-W2-0012.jpg,1920,1080,89
P-W2-0013,images\train\P-W2-0013.jpg,1920,1080,78
P-W2-0014,images\train\P-W2-0014.jpg,1920,1080,86
P-W2-0015,images\train\P-W2-0015.jpg,1920,1080,84
P-W2-0016,images\train\P-W2-0016.jpg,1920,1080,92
P-W2-0017,images\train\P-W2-0017.jpg,1920,1080,89
P-W2-0018,images\train\P-W2-0018.jpg,1920,1080,90
P-W2-0019,images\train\P-W2-0019.jpg,1920,1080,90
P-W2-0020,images\train\P-W2-0020.jpg,1920,1080,84
P-W2-0021,images\train\P-W2-0021.jpg,1920,1080,88
P-W2-0022,images\train\P-W2-0022.jpg,1920,1080,89
P-W2-0023,images\train\P-W2-0023.jpg,1920,1080,93
P-W2-0024,images\train\P-W2-0024.jpg,1920,1080,92
P-W2-0025,images\train\P-W2-0025.jpg,1920,1080,91
P-W2-0026,images\train\P-W2-0026.jpg,1920,1080,87
P-W2-0027,images\train\P-W2-0027.jpg,1920,1080,82
P-W2-0028,images\train\P-W2-0028.jpg,1920,1080,86
P-W2-V0001,images\val\P-W2-V0001.jpg,1920,1080,74
P-W2-V0002,images\val\P-W2-V0002.jpg,1920,1080,76
P-W2-V0003,images\val\P-W2-V0003.jpg,1920,1080,78
P-W2-V0004,images\val\P-W2-V0004.jpg,1920,1080,84
P-W2-V0005,images\val\P-W2-V0005.jpg,1920,1080,90
P-W2-V0006,images\val\P-W2-V0006.jpg,1920,1080,87
P-W2-V0007,images\val\P-W2-V0007.jpg,1920,1080,81
P-W2-V0008,images\val\P-W2-V0008.jpg,1920,1080,82
P-W2-V0009,images\val\P-W2-V0009.jpg,1920,1080,77
P-W2-V0010,images\val\P-W2-V0010.jpg,1920,1080,76
P-W2-V0011,images\val\P-W2-V0011.jpg,1920,1080,90
P-W2-V0012,images\val\P-W2-V0012.jpg,1920,1080,79
P-W2-V0013,images\val\P-W2-V0013.jpg,1920,1080,79
P-W2-V0014,images\val\P-W2-V0014.jpg,1920,1080,85
P-W2-V0015,images\val\P-W2-V0015.jpg,1920,1080,74
P-W2-V0016,images\val\P-W2-V0016.jpg,1920,1080,78
P-W2-V0017,images\val\P-W2-V0017.jpg,1920,1080,74
P-W2-V0018,images\val\P-W2-V0018.jpg,1920,1080,77
P-W3-0001,images\train\P-W3-0001.jpg,1920,1080,57
P-W3-0002,images\train\P-W3-0002.jpg,1920,1080,74
P-W3-0003,images\train\P-W3-0003.jpg,1920,1080,38
P-W3-0004,images\train\P-W3-0004.jpg,1920,1080,37
P-W3-0005,images\train\P-W3-0005.jpg,1920,1080,82
P-W3-0006,images\train\P-W3-0006.jpg,1920,1080,84
P-W3-0007,images\train\P-W3-0007.jpg,1920,1080,86
P-W3-0008,images\train\P-W3-0008.jpg,1920,1080,41
P-W3-0009,images\train\P-W3-0009.jpg,1920,1080,42
P-W3-0010,images\train\P-W3-0010.jpg,1920,1080,31
P-W3-0011,images\train\P-W3-0011.jpg,1920,1080,48
P-W3-0012,images\train\P-W3-0012.jpg,1920,1080,39
P-W3-0013,images\train\P-W3-0013.jpg,1920,1080,42
P-W3-0014,images\train\P-W3-0014.jpg,1920,1080,38
P-W3-0015,images\train\P-W3-0015.jpg,1920,1080,34
P-W3-0016,images\train\P-W3-0016.jpg,1920,1080,38
P-W3-0017,images\train\P-W3-0017.jpg,1920,1080,38
P-W3-0018,images\train\P-W3-0018.jpg,1920,1080,69
P-W3-0019,images\train\P-W3-0019.jpg,1920,1080,74
P-W3-0020,images\train\P-W3-0020.jpg,1920,1080,64
P-W3-0021,images\train\P-W3-0021.jpg,1920,1080,72
P-W3-0022,images\train\P-W3-0022.jpg,1920,1080,76
P-W3-0023,images\train\P-W3-0023.jpg,1920,1080,82
P-W3-0024,images\train\P-W3-0024.jpg,1920,1080,83
P-W3-0025,images\train\P-W3-0025.jpg,1920,1080,87
P-W3-0026,images\train\P-W3-0026.jpg,1920,1080,31
P-W3-0027,images\train\P-W3-0027.jpg,1920,1080,41
P-W3-0028,images\train\P-W3-0028.jpg,1920,1080,43
P-W3-0029,images\train\P-W3-0029.jpg,1920,1080,70
P-W3-0030,images\train\P-W3-0030.jpg,1920,1080,70
P-W3-0031,images\train\P-W3-0031.jpg,1920,1080,74
P-W3-0032,images\train\P-W3-0032.jpg,1920,1080,72
P-W3-0033,images\train\P-W3-0033.jpg,1920,1080,84
P-W3-0034,images\train\P-W3-0034.jpg,1920,1080,77
P-W3-0035,images\train\P-W3-0035.jpg,1920,1080,89
P-W3-0036,images\train\P-W3-0036.jpg,1920,1080,78
P-W3-0037,images\train\P-W3-0037.jpg,1920,1080,80
P-W3-0038,images\train\P-W3-0038.jpg,1920,1080,86
P-W3-0039,images\train\P-W3-0039.jpg,1920,1080,82
P-W3-0040,images\train\P-W3-0040.jpg,1920,1080,80
P-W3-0041,images\train\P-W3-0041.jpg,1920,1080,84
P-W3-V0001,images\val\P-W3-V0001.jpg,1920,1080,40
P-W3-V0002,images\val\P-W3-V0002.jpg,1920,1080,36
P-W3-V0003,images\val\P-W3-V0003.jpg,1920,1080,43
P-W3-V0004,images\val\P-W3-V0004.jpg,1920,1080,40
P-W3-V0005,images\val\P-W3-V0005.jpg,1920,1080,44
P-W3-V0006,images\val\P-W3-V0006.jpg,1920,1080,38
P-W3-V0007,images\val\P-W3-V0007.jpg,1920,1080,70
P-W3-V0008,images\val\P-W3-V0008.jpg,1920,1080,82
P-W3-V0009,images\val\P-W3-V0009.jpg,1920,1080,77
P-W3-V0010,images\val\P-W3-V0010.jpg,1920,1080,84
P-W3-V0011,images\val\P-W3-V0011.jpg,1920,1080,82
P-W3-V0012,images\val\P-W3-V0012.jpg,1920,1080,75
P-W3-V0013,images\val\P-W3-V0013.jpg,1920,1080,73
P-W3-V0014,images\val\P-W3-V0014.jpg,1920,1080,74
P-W3-V0015,images\val\P-W3-V0015.jpg,1920,1080,78
P-W3-V0016,images\val\P-W3-V0016.jpg,1920,1080,76
P-W3-V0017,images\val\P-W3-V0017.jpg,1920,1080,40
P-W3-V0018,images\val\P-W3-V0018.jpg,1920,1080,85
P-W3-V0019,images\val\P-W3-V0019.jpg,1920,1080,49
P-W3-V0020,images\val\P-W3-V0020.jpg,1920,1080,37
P-W3-V0021,images\val\P-W3-V0021.jpg,1920,1080,42
P-W3-V0022,images\val\P-W3-V0022.jpg,1920,1080,38
P-W3-V0023,images\val\P-W3-V0023.jpg,1920,1080,34
P-W3-V0024,images\val\P-W3-V0024.jpg,1920,1080,37
P-W3-V0025,images\val\P-W3-V0025.jpg,1920,1080,37
P-W3-V0026,images\val\P-W3-V0026.jpg,1920,1080,82
P-W4-0001,images\train\P-W4-0001.jpg,1920,1080,58
P-W4-0002,images\train\P-W4-0002.jpg,1920,1080,54
P-W4-0003,images\train\P-W4-0003.jpg,1920,1080,64
P-W4-0004,images\train\P-W4-0004.jpg,1920,1080,48
P-W4-0005,images\train\P-W4-0005.jpg,1920,1080,60
P-W4-0006,images\train\P-W4-0006.jpg,1920,1080,46
P-W4-0007,images\train\P-W4-0007.jpg,1920,1080,42
P-W4-0008,images\train\P-W4-0008.jpg,1920,1080,28
P-W4-0009,images\train\P-W4-0009.jpg,1920,1080,38
P-W4-0010,images\train\P-W4-0010.jpg,1920,1080,34
P-W4-0011,images\train\P-W4-0011.jpg,1920,1080,30
P-W4-0012,images\train\P-W4-0012.jpg,1920,1080,31
P-W4-0013,images\train\P-W4-0013.jpg,1920,1080,41
P-W4-0014,images\train\P-W4-0014.jpg,1920,1080,41
P-W4-0015,images\train\P-W4-0015.jpg,1920,1080,29
P-W4-0016,images\train\P-W4-0016.jpg,1920,1080,49
P-W4-0017,images\train\P-W4-0017.jpg,1920,1080,49
P-W4-0018,images\train\P-W4-0018.jpg,1920,1080,40
P-W4-0019,images\train\P-W4-0019.jpg,1920,1080,44
P-W4-0020,images\train\P-W4-0020.jpg,1920,1080,36
P-W4-0021,images\train\P-W4-0021.jpg,1920,1080,47
P-W4-0022,images\train\P-W4-0022.jpg,1920,1080,44
P-W4-0023,images\train\P-W4-0023.jpg,1920,1080,47
P-W4-0024,images\train\P-W4-0024.jpg,1920,1080,46
P-W4-0025,images\train\P-W4-0025.jpg,1920,1080,40
P-W4-0026,images\train\P-W4-0026.jpg,1920,1080,49
P-W4-0027,images\train\P-W4-0027.jpg,1920,1080,58
P-W4-0028,images\train\P-W4-0028.jpg,1920,1080,51
P-W4-0029,images\train\P-W4-0029.jpg,1920,1080,49
P-W4-0030,images\train\P-W4-0030.jpg,1920,1080,46
P-W4-0031,images\train\P-W4-0031.jpg,1920,1080,32
P-W4-0032,images\train\P-W4-0032.jpg,1920,1080,54
P-W4-0033,images\train\P-W4-0033.jpg,1920,1080,45
P-W4-0034,images\train\P-W4-0034.jpg,1920,1080,48
P-W4-0035,images\train\P-W4-0035.jpg,1920,1080,52
P-W4-0036,images\train\P-W4-0036.jpg,1920,1080,53
P-W4-0037,images\train\P-W4-0037.jpg,1920,1080,53
P-W4-0038,images\train\P-W4-0038.jpg,1920,1080,53
P-W4-0039,images\train\P-W4-0039.jpg,1920,1080,49
P-W4-0040,images\train\P-W4-0040.jpg,1920,1080,48
P-W4-0041,images\train\P-W4-0041.jpg,1920,1080,44
P-W4-0042,images\train\P-W4-0042.jpg,1920,1080,47
P-W4-0043,images\train\P-W4-0043.jpg,1920,1080,60
P-W4-0044,images\train\P-W4-0044.jpg,1920,1080,56
P-W4-0045,images\train\P-W4-0045.jpg,1920,1080,57
P-W4-0046,images\train\P-W4-0046.jpg,1920,1080,51
P-W4-0047,images\train\P-W4-0047.jpg,1920,1080,48
P-W4-0048,images\train\P-W4-0048.jpg,1920,1080,62
P-W4-0049,images\train\P-W4-0049.jpg,1920,1080,74
P-W4-0050,images\train\P-W4-0050.jpg,1920,1080,57
P-W4-0051,images\train\P-W4-0051.jpg,1920,1080,62
P-W4-0052,images\train\P-W4-0052.jpg,1920,1080,42
P-W4-0053,images\train\P-W4-0053.jpg,1920,1080,28
P-W4-0054,images\train\P-W4-0054.jpg,1920,1080,38
P-W4-0055,images\train\P-W4-0055.jpg,1920,1080,48
P-W4-0056,images\train\P-W4-0056.jpg,1920,1080,32
P-W4-0057,images\train\P-W4-0057.jpg,1920,1080,54
P-W4-0058,images\train\P-W4-0058.jpg,1920,1080,46
P-W4-0059,images\train\P-W4-0059.jpg,1920,1080,48
P-W4-0060,images\train\P-W4-0060.jpg,1920,1080,52
P-W4-0061,images\train\P-W4-0061.jpg,1920,1080,54
P-W4-0062,images\train\P-W4-0062.jpg,1920,1080,53
P-W4-0063,images\train\P-W4-0063.jpg,1920,1080,48
P-W4-0064,images\train\P-W4-0064.jpg,1920,1080,58
P-W4-0065,images\train\P-W4-0065.jpg,1920,1080,29
P-W4-0066,images\train\P-W4-0066.jpg,1920,1080,30
P-W4-0067,images\train\P-W4-0067.jpg,1920,1080,22
P-W4-0068,images\train\P-W4-0068.jpg,1920,1080,24
P-W4-0069,images\train\P-W4-0069.jpg,1920,1080,45
P-W4-0070,images\train\P-W4-0070.jpg,1920,1080,46
P-W4-0071,images\train\P-W4-0071.jpg,1920,1080,42
P-W4-0072,images\train\P-W4-0072.jpg,1920,1080,47
P-W4-0073,images\train\P-W4-0073.jpg,1920,1080,46
P-W4-0074,images\train\P-W4-0074.jpg,1920,1080,47
P-W4-0075,images\train\P-W4-0075.jpg,1920,1080,42
P-W4-0076,images\train\P-W4-0076.jpg,1920,1080,50
P-W4-0077,images\train\P-W4-0077.jpg,1920,1080,50
P-W4-0078,images\train\P-W4-0078.jpg,1920,1080,51
P-W4-0079,images\train\P-W4-0079.jpg,1920,1080,49
P-W4-0080,images\train\P-W4-0080.jpg,1920,1080,48
P-W4-0081,images\train\P-W4-0081.jpg,1920,1080,48
P-W4-V0001,images\val\P-W4-V0001.jpg,1920,1080,50
P-W4-V0002,images\val\P-W4-V0002.jpg,1920,1080,48
P-W4-V0003,images\val\P-W4-V0003.jpg,1920,1080,51
P-W4-V0004,images\val\P-W4-V0004.jpg,1920,1080,37
P-W4-V0005,images\val\P-W4-V0005.jpg,1920,1080,50
P-W4-V0006,images\val\P-W4-V0006.jpg,1920,1080,50
P-W4-V0007,images\val\P-W4-V0007.jpg,1920,1080,45
P-W4-V0008,images\val\P-W4-V0008.jpg,1920,1080,44
P-W4-V0009,images\val\P-W4-V0009.jpg,1920,1080,46
P-W4-V0010,images\val\P-W4-V0010.jpg,1920,1080,50
P-W4-V0011,images\val\P-W4-V0011.jpg,1920,1080,56
P-W4-V0012,images\val\P-W4-V0012.jpg,1920,1080,29
P-W4-V0013,images\val\P-W4-V0013.jpg,1920,1080,45
P-W4-V0014,images\val\P-W4-V0014.jpg,1920,1080,36
P-W4-V0015,images\val\P-W4-V0015.jpg,1920,1080,42
P-W4-V0016,images\val\P-W4-V0016.jpg,1920,1080,41
P-W4-V0017,images\val\P-W4-V0017.jpg,1920,1080,49
P-W4-V0018,images\val\P-W4-V0018.jpg,1920,1080,47
P-W4-V0019,images\val\P-W4-V0019.jpg,1920,1080,27
P-W4-V0020,images\val\P-W4-V0020.jpg,1920,1080,27
P-W4-V0021,images\val\P-W4-V0021.jpg,1920,1080,28
P-W4-V0022,images\val\P-W4-V0022.jpg,1920,1080,25
P-W4-V0023,images\val\P-W4-V0023.jpg,1920,1080,25
P-W4-V0024,images\val\P-W4-V0024.jpg,1920,1080,29
P-W4-V0025,images\val\P-W4-V0025.jpg,1920,1080,50
P-W4-V0026,images\val\P-W4-V0026.jpg,1920,1080,52
P-W4-V0027,images\val\P-W4-V0027.jpg,1920,1080,43
P-W4-V0028,images\val\P-W4-V0028.jpg,1920,1080,52
P-W4-V0029,images\val\P-W4-V0029.jpg,1920,1080,45
P-W4-V0030,images\val\P-W4-V0030.jpg,1920,1080,47
P-W4-V0031,images\val\P-W4-V0031.jpg,1920,1080,45
P-W4-V0032,images\val\P-W4-V0032.jpg,1920,1080,52
P-W4-V0033,images\val\P-W4-V0033.jpg,1920,1080,44
P-W4-V0034,images\val\P-W4-V0034.jpg,1920,1080,47
P-W4-V0035,images\val\P-W4-V0035.jpg,1920,1080,51
P-W4-V0036,images\val\P-W4-V0036.jpg,1920,1080,54
P-W4-V0037,images\val\P-W4-V0037.jpg,1920,1080,53
P-W4-V0038,images\val\P-W4-V0038.jpg,1920,1080,51
P-W4-V0039,images\val\P-W4-V0039.jpg,1920,1080,52
P-W4-V0040,images\val\P-W4-V0040.jpg,1920,1080,52
P-W4-V0041,images\val\P-W4-V0041.jpg,1920,1080,43
P-W4-V0042,images\val\P-W4-V0042.jpg,1920,1080,49
P-W4-V0043,images\val\P-W4-V0043.jpg,1920,1080,47
P-W4-V0044,images\val\P-W4-V0044.jpg,1920,1080,49
P-W4-V0045,images\val\P-W4-V0045.jpg,1920,1080,28
P-W4-V0046,images\val\P-W4-V0046.jpg,1920,1080,34
P-W4-V0047,images\val\P-W4-V0047.jpg,1920,1080,30
P-W4-V0048,images\val\P-W4-V0048.jpg,1920,1080,31
P-W4-V0049,images\val\P-W4-V0049.jpg,1920,1080,41
P-W4-V0050,images\val\P-W4-V0050.jpg,1920,1080,42
P-W4-V0051,images\val\P-W4-V0051.jpg,1920,1080,29
P-W4-V0052,images\val\P-W4-V0052.jpg,1920,1080,49
P-W4-V0053,images\val\P-W4-V0053.jpg,1920,1080,49
P-W4-V0054,images\val\P-W4-V0054.jpg,1920,1080,40
P-W4-V0055,images\val\P-W4-V0055.jpg,1920,1080,44
P-W4-V0056,images\val\P-W4-V0056.jpg,1920,1080,35
P-W4-V0057,images\val\P-W4-V0057.jpg,1920,1080,47
P-W4-V0058,images\val\P-W4-V0058.jpg,1920,1080,44
P-W4-V0059,images\val\P-W4-V0059.jpg,1920,1080,46
P-W4-V0060,images\val\P-W4-V0060.jpg,1920,1080,47
P-W4-V0061,images\val\P-W4-V0061.jpg,1920,1080,40
P-W4-V0062,images\val\P-W4-V0062.jpg,1920,1080,57
P-W4-V0063,images\val\P-W4-V0063.jpg,1920,1080,51
P-W4-V0064,images\val\P-W4-V0064.jpg,1920,1080,48
P-W5-0001,images\train\P-W5-0001.jpg,1920,1080,58
P-W5-0002,images\train\P-W5-0002.jpg,1920,1080,55
P-W5-0003,images\train\P-W5-0003.jpg,1920,1080,48
P-W5-0004,images\train\P-W5-0004.jpg,1920,1080,47
P-W5-0005,images\train\P-W5-0005.jpg,1920,1080,58
P-W5-0006,images\train\P-W5-0006.jpg,1920,1080,62
P-W5-0007,images\train\P-W5-0007.jpg,1920,1080,62
P-W5-0008,images\train\P-W5-0008.jpg,1920,1080,58
P-W5-0009,images\train\P-W5-0009.jpg,1920,1080,49
P-W5-0010,images\train\P-W5-0010.jpg,1920,1080,52
P-W5-0011,images\train\P-W5-0011.jpg,1920,1080,54
P-W5-0012,images\train\P-W5-0012.jpg,1920,1080,49
P-W5-0013,images\train\P-W5-0013.jpg,1920,1080,48
P-W5-0014,images\train\P-W5-0014.jpg,1920,1080,51
P-W5-0015,images\train\P-W5-0015.jpg,1920,1080,54
P-W5-0016,images\train\P-W5-0016.jpg,1920,1080,56
P-W5-0017,images\train\P-W5-0017.jpg,1920,1080,49
P-W5-0018,images\train\P-W5-0018.jpg,1920,1080,49
P-W5-0019,images\train\P-W5-0019.jpg,1920,1080,54
P-W5-0020,images\train\P-W5-0020.jpg,1920,1080,49
P-W5-0021,images\train\P-W5-0021.jpg,1920,1080,52
P-W5-0022,images\train\P-W5-0022.jpg,1920,1080,55
P-W5-0023,images\train\P-W5-0023.jpg,1920,1080,46
P-W5-V0001,images\val\P-W5-V0001.jpg,1920,1080,53
P-W5-V0002,images\val\P-W5-V0002.jpg,1920,1080,44
P-W5-V0003,images\val\P-W5-V0003.jpg,1920,1080,44
P-W5-V0004,images\val\P-W5-V0004.jpg,1920,1080,43
P-W5-V0005,images\val\P-W5-V0005.jpg,1920,1080,52
P-W5-V0006,images\val\P-W5-V0006.jpg,1920,1080,51
P-W5-V0007,images\val\P-W5-V0007.jpg,1920,1080,49
P-W5-V0008,images\val\P-W5-V0008.jpg,1920,1080,53
P-W5-V0009,images\val\P-W5-V0009.jpg,1920,1080,46
P-W5-V0010,images\val\P-W5-V0010.jpg,1920,1080,49
P-W5-V0011,images\val\P-W5-V0011.jpg,1920,1080,52
P-W5-V0012,images\val\P-W5-V0012.jpg,1920,1080,56
P-W5-V0013,images\val\P-W5-V0013.jpg,1920,1080,48
P-W5-V0014,images\val\P-W5-V0014.jpg,1920,1080,49
P-W5-V0015,images\val\P-W5-V0015.jpg,1920,1080,57
P-W6-0001,images\train\P-W6-0001.jpg,1920,1080,5
P-W6-0002,images\train\P-W6-0002.jpg,1920,1080,54
P-W6-0003,images\train\P-W6-0003.jpg,1920,1080,60
P-W6-0004,images\train\P-W6-0004.jpg,1920,1080,55
P-W6-0005,images\train\P-W6-0005.jpg,1920,1080,5
P-W6-0006,images\train\P-W6-0006.jpg,1920,1080,52
P-W6-0007,images\train\P-W6-0007.jpg,1920,1080,44
P-W6-0008,images\train\P-W6-0008.jpg,1920,1080,43
P-W6-0009,images\train\P-W6-0009.jpg,1920,1080,44
P-W6-0010,images\train\P-W6-0010.jpg,1920,1080,20
P-W6-0011,images\train\P-W6-0011.jpg,1920,1080,51
P-W6-0012,images\train\P-W6-0012.jpg,1920,1080,5
P-W6-0013,images\train\P-W6-0013.jpg,1920,1080,57
P-W6-0014,images\train\P-W6-0014.jpg,1920,1080,23
P-W6-0015,images\train\P-W6-0015.jpg,1920,1080,47
P-W6-0016,images\train\P-W6-0016.jpg,1920,1080,52
P-W6-0017,images\train\P-W6-0017.jpg,1920,1080,49
P-W6-0018,images\train\P-W6-0018.jpg,1920,1080,41
P-W6-0019,images\train\P-W6-0019.jpg,1920,1080,54
P-W6-0020,images\train\P-W6-0020.jpg,1920,1080,46
P-W6-0021,images\train\P-W6-0021.jpg,1920,1080,51
P-W6-0022,images\train\P-W6-0022.jpg,1920,1080,49
P-W6-0023,images\train\P-W6-0023.jpg,1920,1080,42
P-W6-0024,images\train\P-W6-0024.jpg,1920,1080,39
P-W6-0025,images\train\P-W6-0025.jpg,1920,1080,43
P-W6-V0001,images\val\P-W6-V0001.jpg,1920,1080,50
P-W6-V0002,images\val\P-W6-V0002.jpg,1920,1080,55
P-W6-V0003,images\val\P-W6-V0003.jpg,1920,1080,55
P-W6-V0004,images\val\P-W6-V0004.jpg,1920,1080,22
P-W6-V0005,images\val\P-W6-V0005.jpg,1920,1080,48
P-W6-V0006,images\val\P-W6-V0006.jpg,1920,1080,52
P-W6-V0007,images\val\P-W6-V0007.jpg,1920,1080,51
P-W6-V0008,images\val\P-W6-V0008.jpg,1920,1080,47
P-W6-V0009,images\val\P-W6-V0009.jpg,1920,1080,49
P-W6-V0010,images\val\P-W6-V0010.jpg,1920,1080,41
P-W6-V0011,images\val\P-W6-V0011.jpg,1920,1080,59
P-W6-V0012,images\val\P-W6-V0012.jpg,1920,1080,54
